PatientID,event,days,Grade,codeletion,idh mutation,EGFR,MDM4,MYC,BRAF,EZH2,MET,SMO,KIAA1549,CREB3L2,NTRK1,PRCC,BLM,NTRK3,CRTC3,CDKN2A,CDKN2B,FGFR2,TSHR,TCL1A,TRIP11,GOLGA5,GPHN,DICER1,TCL6,EBF1,ITK,RPL22,CDKN2C,LCP1,RB1,IRF4,FGFR1OP,MLLT4,MYB,ROS1,TNFAIP3,GOPC,CARD11,JAK2,STK11,PTEN,1q,2p,2q,3p,3q,4p,4q,5p,5q,6p,6q,7p,7q,8p,8q,9p,9q,10p,10q,11p,11q,12p,12q,13q,14q,15q,16p,16q,17p,17q,18p,18q,19p,20p,20q,21q,22q
TCGA-06-0876,1,1405,G4,0,0,2,0,0,1,1,1,1,1,1,0,0,0,0,0,-2,-2,-1,-1,-1,-1,-1,-1,-1,-1,0,0,0,0,0,0,0,0,0,-2,0,-2,0,1,-1,0,-1,0,0,0,0,0,0,0,0,0,0,0,0.493,1.103,0,0,-0.606,-0.504,-0.486,-0.486,-0.106,-0.106,0,0,0,-0.124,0,0,0,0,0,-0.583,0.14,0,0,0,0,0
TCGA-06-0878,1,218,G4,0,0,2,0,0,1,1,1,1,1,1,0,0,0,0,0,-2,-2,-1,-1,-1,-1,-1,-1,-1,-1,0,0,-1,0,0,0,0,0,0,0,0,0,0,1,-1,0,-1,0,0,0,-0.713,0,0,0,0,0,0,0,0.645,0.645,0,0,-0.711,-0.711,-0.705,-0.705,0,0,0,0,0,-0.709,0,0,0,0,0,0,0,0,0,0,0,-0.675
TCGA-06-0879,0,1229,G4,0,0,1,0,0,1,1,1,1,1,1,0,0,0,0,0,-2,-2,-1,0,0,0,0,0,0,0,0,0,-1,0,0,0,0,0,0,0,0,0,0,1,-1,1,-1,0,0,0,0,0,0.643,0.643,0,0,0,0,0.677,0.677,0,0,-0.614,0,-0.739,-0.739,0,0,0,0,0,0,0,-0.116,-0.116,0,0,0,0,0.587,0,0.61,0,0
TCGA-06-1084,0,728,G4,0,0,1,1,0,1,1,1,1,1,1,1,1,0,0,0,-1,-1,-1,-1,-1,-1,-1,-1,-1,-1,0,0,-1,1,-1,-2,0,0,0,0,0,0,0,1,-1,0,-1,0.491,0,0,0,0,0,0,0,0,0,0,0.481,0.481,0,0,-0.498,0,-0.498,-0.498,0,0,0,0,0,-0.499,0,0,0,0,0,0,0,0,0,0,0.493,-0.471
TCGA-06-1086,0,208,G4,-1,-1,1,0,0,1,1,1,1,1,1,0,0,0,0,0,-2,-2,0,0,0,0,0,0,0,0,0,0,0,0,0,0,0,0,0,0,0,0,0,1,-1,1,0,0,0.527,0.527,0,0,0,0,0,0,0,0,0.559,0.559,0,0,-0.648,-0.648,0,0,-0.648,0.325,0.529,0.529,0,0,0,0.549,0.549,0,0,-0.618,-0.618,0.864,0,0,1.666,0.48
TCGA-06-1087,0,123,G4,0,0,2,1,-1,1,1,1,1,1,1,1,1,1,1,1,-1,-1,-1,1,1,1,1,1,1,1,-1,-1,-1,1,-1,-1,-1,-1,-1,0,0,0,0,0,1,0,-1,0.343,-0.113,-0.113,0.467,0.467,-0.653,-0.653,-0.141,-0.141,0,0,0.428,0.428,0,0,0.335,0.335,-1.293,-1.293,0.384,0.421,0.407,0.407,-0.699,0.388,0.289,-0.232,-0.232,0.256,0.256,0.804,0.804,0.138,0.539,0.539,0.297,0.202
TCGA-06-1800,0,815,G4,0,0,1,0,0,1,1,1,1,1,1,0,0,0,0,0,-1,-1,-1,0,0,0,0,0,0,0,0,0,0,0,-1,-1,0,0,0,0,0,0,0,1,0,0,-1,0,0,0,0,0,-0.478,-0.478,0,0,0,0,0.783,0.783,0,0,-0.741,0,-0.802,-0.802,-0.426,-0.426,0,0,0,0,0,0,0,0,0,-0.116,-0.116,0,0,0,0,0
TCGA-06-1801,0,360,G4,0,0,1,0,0,1,1,1,1,1,1,0,0,0,0,0,-2,-2,-1,0,0,0,0,0,0,0,0,0,-1,0,-1,-1,0,0,0,0,0,0,0,1,0,0,-1,0,0,0,0,0,0,0,0,0,0,0,0.715,0.715,0,0,0,0,-0.759,-0.759,0,0,0,0,0,0,-0.744,0,0,0.109,0.109,0,0,0,0,0,0,0
TCGA-06-1805,1,1031,G4,0,1,0,0,0,0,0,0,0,0,0,0,0,0,0,0,0,0,-1,0,0,0,0,0,0,0,0,0,0,0,-1,-1,0,0,0,0,0,0,0,0,0,0,-1,0,0,0,0,0,0,-0.11,0,0,0,0,0,0,0,0,0,0,0,-0.647,-0.664,0,0,0,-0.675,0,0,0,0,0,0,0.593,0.593,0,0,0,0,0
TCGA-12-0670,0,790,G4,0,0,2,1,0,1,1,1,1,1,1,0,0,0,0,0,-2,-2,-1,0,0,0,0,0,0,0,0,0,0,0,-1,-1,0,0,0,0,0,0,0,1,-1,1,-1,0,0,0,0,0,0,0,0,0,0,0,0.762,0.762,0,0,-0.81,0,-0.798,-0.798,0,0,-0.857,-0.857,0,0,0,0,0,0,0,0,0,0.607,0.718,0.718,0,-0.824
TCGA-12-0820,0,562,G4,0,0,1,0,0,1,1,1,1,1,1,0,0,0,0,0,0,0,-1,0,0,0,0,0,0,0,0,0,-1,0,0,0,0,0,0,0,0,0,0,0,0,1,-2,0,0,0,0,0,0,0,0,0,0,0,0.78,0.78,0,0,0,0,-0.828,-0.828,0,0,0,0,0,0,0,0,0,0,0,0,0,0,0.759,0.759,0,-0.812
TCGA-12-0821,0,323,G4,0,0,2,2,-1,1,1,1,1,1,1,0,0,0,0,0,-2,-2,-1,-1,-1,-1,-1,-1,-1,-1,0,0,-1,0,0,0,0,0,0,0,0,0,0,1,-1,0,-2,0,0,0,0,0,0,0,0,0,0,0,0.755,0.755,0,0,-0.814,-0.814,-0.823,-0.823,0,0,0,0,0,-0.816,0,0.109,0.109,0.113,0.113,0,0,0,0,0,0,-0.777
TCGA-12-0822,0,715,G4,0,0,1,0,0,1,1,1,1,1,1,0,0,0,0,0,-2,-2,-1,0,0,0,0,0,0,0,0,0,0,0,0,0,-1,-1,-1,-1,-1,-1,-1,1,0,0,-2,0,0,0,0.386,0,0,0,0,0,-0.229,-0.229,0.585,0.585,0,0,0,0,-0.37,-0.37,-0.128,-0.128,0,0,0,0,0,0,0,0.1,0.1,0,0,0,0,0,0.484,0
TCGA-12-0826,0,845,G4,0,0,1,1,-1,1,1,1,1,1,1,1,1,1,1,1,-1,-1,-1,0,0,0,0,0,0,0,1,1,1,1,-1,-1,0,0,0,0,0,0,0,1,-1,1,-1,0.267,-0.426,-0.145,-0.219,-0.219,0.102,0.102,0.151,0.151,0,0,1.351,1.351,-0.206,-0.206,-0.369,-0.369,-0.784,-0.784,0.104,0.104,0,0,-0.182,0,0.13,-0.127,-0.127,-0.143,-0.143,-0.121,-0.446,0.299,0.175,0.175,-0.459,-0.442
TCGA-12-0827,0,1179,G4,0,1,0,1,1,2,2,0,2,2,2,1,1,0,0,0,-2,-2,-1,-1,-1,-1,-1,-1,-1,-1,0,0,0,0,-1,-1,0,0,0,0,0,0,0,1,-1,0,-1,0.101,0,0,0,0.19,-0.188,-0.188,0,0,0,0,0.275,0,-0.137,0.309,-0.487,0.397,-0.173,-0.173,-0.118,0.104,0,0,-0.577,-0.136,0,0.364,0.532,0.21,0.21,0.041,0.499,0,0.294,0,-0.18,0.397
TCGA-12-0828,0,272,G4,0,0,2,0,0,1,1,1,1,1,1,0,0,0,0,0,-2,-2,-1,0,0,0,0,0,0,0,0,0,0,0,-1,-1,0,0,0,0,0,0,0,1,0,0,-1,0,0,0,0,0,0,0,0,0,0,0,0.684,0.684,0,0,0,0,-0.722,-0.722,0,0,0,0,-0.113,0,0,0,0,0,0,0,0,0,0,0,0,0
TCGA-12-0829,0,626,G4,0,0,2,2,0,1,1,1,1,1,1,0,0,0,0,0,-2,-2,-1,0,0,0,0,0,0,0,0,0,0,0,-1,-1,0,0,0,0,0,0,0,1,0,1,-1,0,0,0,1.261,1.261,0,0,0,0,0,0,0.398,0.398,0,0,0,0,-0.417,-0.417,0,0,0,0,-0.38,0,0,0,0,0,0,0,0,0.341,0.373,0.373,0,0
TCGA-12-1088,0,3881,G4,0,0,1,0,0,1,1,1,1,1,1,0,0,-1,-1,-1,-1,-1,-1,-1,-1,-1,-1,-1,-1,-1,0,0,0,0,-1,-1,0,0,2,0,0,0,0,1,-1,0,-2,0,0,0,0.674,0.674,0,0,0,0,0,0,0.521,0.521,0,0,-0.027,0.635,-0.688,-0.688,0,0,0,0,-0.339,-0.706,-0.624,0.135,0,0,0,-0.69,-0.69,0,0,0,0,-0.643
TCGA-12-1089,0,177,G4,0,0,2,0,0,1,1,1,1,1,1,0,0,0,0,0,-2,-2,-1,-1,-1,-1,-1,0,-1,-1,0,0,0,0,0,0,0,-1,-2,-1,-1,-1,-1,1,0,0,-1,0,0,0,0,0,0,0,0,0,0,0,0.737,0.737,0,0,0,0,0,-0.784,0,0,0,0,0,-0.787,0,0,0,0,0,0,0,0,0,0,0,0
TCGA-12-1090,0,231,G4,-1,-1,1,1,0,1,1,1,1,1,1,1,1,0,0,0,0,0,0,0,0,0,0,0,0,0,0,0,1,1,0,1,0,0,0,0,0,0,0,1,0,0,1,0.18,0,0,0,0,0,0,0,0,0,0,1.561,1.561,0,0,0,0,0,0,0,0,1.195,0.16,0,0,0,0,0,0,0,1.032,0,0,0,0,0,0
TCGA-12-1091,0,1010,G4,-1,-1,1,0,0,0,0,0,0,0,0,0,0,0,0,0,-2,-2,-1,-1,-1,-1,-1,-1,-1,-1,0,0,-1,0,-1,-1,0,0,0,0,0,0,0,1,0,0,-1,0,0,0,0,0,0,0,0,0,0,0,0.968,0,0,0,0,-0.907,-0.926,-0.926,0,0,0,0,-0.944,-0.93,0,0,0,0,0,0,0,0,0,0,0,-0.905
TCGA-12-1092,0,661,G4,0,0,1,2,1,1,1,1,1,1,1,0,0,0,0,0,-1,-1,-1,-1,-1,-1,-1,-1,-1,-1,0,0,0,-1,-1,-1,1,1,1,1,1,1,1,1,-1,0,-1,0,0,0,0,0,0,0,0,0,0.4,0.4,0.491,0.491,0,0,-0.644,0,0,-0.683,0,0,0,0,-0.669,-0.561,0,0,0,0,0.327,0.449,0.449,0,0,0,0,0
TCGA-12-1093,0,486,G4,0,0,1,0,0,1,1,1,1,1,1,0,0,0,0,0,-1,-1,-1,0,0,0,0,0,0,0,0,0,-1,0,-1,-1,0,-1,-1,-1,-1,-1,-1,1,-1,0,-1,0,0,0,0,0,0,0,0,0,0,0,0.387,0.387,0,0,-0.393,-0.393,-0.392,0,0.217,0,0,0,-0.396,0,0,0,0,0,0,0,0,0,0.22,0.22,0,0
TCGA-12-1094,0,372,G4,-1,-1,2,0,0,1,1,1,1,1,1,0,0,0,0,0,-2,-2,-1,0,0,0,0,0,0,0,0,0,-1,0,-1,-1,0,0,0,0,0,0,0,1,0,1,-1,0,0,0,0,0,0,0,0,0,0,0,0.742,0.742,0,0,0,0,-0.79,-0.79,0,0,0,0,-0.787,0,0,0,0,0,0,0,0,0.602,0.697,0.697,0,0
TCGA-12-1095,0,482,G4,-1,-1,1,0,0,1,1,1,1,1,1,0,0,0,0,0,-2,-2,-1,0,0,0,0,0,0,0,0,0,-1,0,0,0,0,-1,-1,-1,-1,-1,-1,1,-1,-1,-1,0,0,0,0,0,0,0,0,0,0,-0.683,0.645,0.645,0,0,-0.677,0,-0.679,-0.679,0,0,0,0,0,0,0,0,0,0,0,0,0,-0.487,0.635,0,0.148,0
TCGA-12-1096,0,277,G4,-1,-1,1,1,0,1,1,1,1,1,1,0,0,-1,-1,-1,-2,-2,-1,-1,-1,-1,-1,-1,-1,-1,1,1,1,0,-1,-1,0,0,0,0,0,0,0,1,1,0,-1,0,0,0,0,0,0,0,0.174,0.174,0,0,0.826,0.826,0,0,0.217,0.217,-0.402,-0.402,0,0,0,0,-0.217,-0.452,-0.129,0,0,0.218,0.218,-0.251,-0.251,0,0,0,0,-0.4
TCGA-12-1097,0,442,G4,-1,-1,2,0,0,1,1,1,1,1,1,0,0,0,0,0,-2,-2,-1,0,0,0,0,0,0,0,0,0,-1,0,-1,-1,0,0,0,0,0,0,0,1,-1,0,-1,0,0,0,0,0,0,0,0,0,0,0,0.714,0.714,0,0,-0.743,0,-0.772,-0.772,0,0,0,0,-0.775,0,0,0,0,0,0,0,0,0,0,0,0,-0.756
TCGA-12-1098,0,121,G4,-1,-1,1,1,0,1,1,1,1,1,1,1,1,0,0,0,-2,-1,-1,0,0,0,0,0,0,0,0,0,1,1,0,0,-1,0,0,0,-1,0,-1,1,-1,0,0,0.145,0,0,0,0,0,0,0.715,0.715,-0.716,0,0.873,0.873,-0.883,0,0,1.55,-0.727,0,0,0,0.769,0.769,0,0,0,0,0,-0.876,-0.876,0,0,0,0,0,0,0
TCGA-12-1099,0,126,G4,-1,-1,1,1,1,1,1,1,1,1,1,1,1,-1,-1,-1,-1,-1,1,0,0,0,0,0,0,0,0,0,1,1,-1,-1,1,-1,-1,-1,-1,-1,-1,1,0,1,-2,0.262,0.086,-0.214,1.063,1.063,0,0,0,0,-0.193,-0.193,0.868,0.868,0.288,0.288,0,0,1.349,1.349,-0.194,-0.194,0,0,-0.71,0,-0.737,-0.293,-0.293,0,0,0,0,1.06,-0.166,-0.166,-0.474,0.31
TCGA-12-1598,0,476,G4,0,0,2,1,2,1,1,1,1,1,1,1,1,-1,-1,-1,0,0,-1,-1,-1,-1,-1,-1,-1,-1,0,0,1,1,-2,-2,1,1,1,1,1,1,1,1,0,1,-1,1.262,0,0,0.156,0.156,-0.162,-0.162,0,0,0.133,0.133,0.851,0.851,-0.857,-0.307,0,0,-0.924,-0.924,0.155,-0.749,0.163,0,-0.82,-0.836,0,0.129,0.129,0,0,0.392,0.392,0.28,0,0,0,-0.902
TCGA-12-1599,0,781,G4,0,0,1,0,0,1,1,1,1,1,1,0,0,0,0,0,-2,-2,-1,0,0,0,0,0,0,0,0,0,0,0,0,0,0,0,0,0,0,0,0,1,-1,1,-1,0,0,0,0,0,0,0,0,0,0,0,0.755,0.755,0,0,-0.691,0,-0.743,-0.743,0,0,0,0,0,0,0,0,0,0,0,0,0,0.578,0,0,0,0
TCGA-12-1600,0,448,G4,0,0,2,0,0,1,1,1,1,1,1,0,0,-1,-1,-1,0,0,-1,0,0,0,0,0,0,0,0,0,0,0,0,0,0,0,0,0,0,0,0,1,0,1,-1,0,-0.31,-0.31,0,0,0,0,0,0,0,0,0.93,0.93,0,0,0,0,-0.961,-0.961,0,0,-0.212,-0.212,0,0,-0.926,-0.15,-0.15,0.118,0.118,0,0,0.774,0.346,0.346,-0.185,-0.939
TCGA-12-1602,0,206,G4,0,0,1,0,1,0,0,0,0,0,0,0,0,-1,-1,-1,-1,-1,-1,-1,-1,-1,-1,-1,-1,-1,1,1,0,0,-1,-1,-1,-1,-1,-1,-1,-1,-1,1,-1,1,-1,0,0,0,0.367,0.367,0,0,0.481,0.481,-0.273,-0.273,1.006,1.006,0.38,0.38,-0.118,-0.118,-1.293,-1.293,-0.431,-0.431,-0.023,-0.561,0,-0.571,-0.262,0.441,0,0.232,0.232,0.608,0.608,0,0.428,0.428,0.435,0.473
TCGA-12-3644,0,1818,G4,0,0,1,0,0,1,1,1,1,1,1,0,0,0,0,0,0,0,-1,0,0,0,0,0,0,0,0,0,0,0,-1,-1,0,0,0,0,0,0,0,1,0,0,-1,0,0,0,1.158,1.158,-0.995,-0.995,0,0,0,0,1.224,1.224,0,0,0,0,-1.045,-1.045,0,0,0,0,-0.977,0,0,0,0,0,0,0,0,0,0,0,0,0
TCGA-12-3646,0,1339,G4,0,0,1,0,1,1,1,1,1,1,1,1,1,-1,-1,-1,1,1,-1,1,1,1,1,1,1,1,1,1,1,1,-1,-1,-1,-1,-1,-1,-1,-1,-1,1,1,0,-1,0,-0.195,-0.195,0.203,0.203,-0.494,-0.494,0.145,0.145,-0.208,-0.208,1.158,1.158,0.126,0.126,0.204,0.204,-1.012,-1.012,-0.317,-0.19,-0.345,-0.345,-0.993,0.192,-0.961,0.188,0.188,0,0,0,0,0,0.183,0.183,0.154,-1.026
TCGA-12-3648,0,819,G4,0,0,2,0,0,1,1,1,1,1,1,0,0,0,0,0,-2,-2,-1,0,0,0,0,0,0,0,0,0,0,0,0,0,0,0,0,0,0,0,0,1,0,1,-1,0,0,0,0,0,0,0,0,0,0,0,1.197,1.197,0,0,0,0,-1.112,-1.112,0,0,0,0,0,0,0,0,0,0,0,0,0,0.946,1.173,1.173,0,0
TCGA-12-3649,0,463,G4,0,0,2,1,0,1,1,1,1,1,1,0,0,0,0,0,-2,-2,-1,0,0,0,0,0,0,0,0,0,-1,-1,0,0,0,0,0,0,0,0,0,0,-1,1,-1,0,0,0,0,0,0,0,0,0,0,0,0.967,0.967,0,0,0,0,-0.885,-0.885,0,0,0,0,0,0,0,0,0,0,0,0,0,0.837,0.964,0.964,0,0
TCGA-12-3650,0,333,G4,0,0,2,0,0,1,1,1,1,1,1,0,0,0,0,0,-2,-2,-1,0,0,0,0,0,0,0,0,0,0,0,0,0,0,0,0,0,0,0,0,1,0,1,-2,0,0,0,0,0,0,0,0,0,0,0,1.121,1.121,0,0,0,0,-1.008,-1.008,0,0,0,0,0,0,0,0,0,0,0,0,0,0.946,0,0,0,0
TCGA-12-3651,0,386,G4,0,0,1,0,0,1,1,1,1,1,1,0,0,0,0,0,-2,-1,-1,-1,-1,-1,-1,0,-1,-1,0,0,-1,0,0,0,0,0,0,0,0,0,0,1,-1,1,-1,0,0,0,0,0,0,0,0,0,0,0,0.821,0.821,0,0,-0.75,0,-0.78,-0.78,0,-0.119,0,0,0,0,0,0,0,0,0,0.08,0.848,0,0,0,0,-0.752
TCGA-12-3652,0,1062,G4,0,0,2,0,0,0,0,0,0,0,0,0,0,0,0,0,-2,-2,-1,0,0,-1,0,0,0,0,0,0,0,0,-1,-1,0,0,0,0,0,0,0,1,-1,1,-1,0,0,0,0,0,0,0,-1.033,-1.033,0,0,0.404,0,0,0,-1.025,-1.025,-1.069,-1.069,0,0,0,0,0,0,0,0,0,0,0,0,0,0.947,1.129,1.129,0,0
TCGA-12-3653,0,442,G4,0,0,2,1,1,1,1,1,1,1,1,1,1,1,1,1,-2,-2,-1,1,1,1,1,-1,1,1,-1,-1,1,1,-1,-1,1,-1,-1,-1,-1,-1,-1,1,-1,1,-1,0.568,0.478,0.478,-0.65,-0.217,-0.21,-0.21,-0.219,-0.219,-0.386,-0.901,2.176,2.176,0.526,0.526,-0.89,-0.89,-0.921,-0.921,-0.229,-0.229,0.505,0.505,-0.9,-0.855,0.538,-0.249,-0.249,-0.253,-0.253,0.542,0.542,0.447,0.495,0.495,-0.233,-0.252
TCGA-14-0783,0,189,G4,-1,-1,2,1,0,1,1,1,1,1,1,1,1,-1,-1,-1,-1,-1,-1,-1,-1,-1,-1,-1,-1,-1,0,0,1,1,-1,-1,0,0,0,0,0,0,0,1,-1,1,-1,0.661,-0.266,-0.266,0,0,0,0,0,0,0,0,0.807,0.807,0,0,-0.839,0,-0.869,-0.869,-0.401,-0.401,-0.208,-0.208,-0.846,-0.185,-0.536,0,0,0,0,0,0,0.566,0.408,0.408,0,-0.119
TCGA-14-0786,0,701,G4,0,0,2,0,0,1,1,1,1,1,1,0,0,0,0,0,-2,-2,-1,0,0,0,0,0,0,0,0,0,-1,0,0,0,0,0,0,0,0,0,0,1,-1,1,-1,0,0,0,0,0,0,0,0,0,0,0,0.862,0.862,0,0,-0.923,0,-0.937,-0.937,0,0,0,0,0,0,0,0,0,0,0,0,0,0,0.885,0.885,0,0
TCGA-14-0787,0,68,G4,0,0,2,2,0,1,1,1,1,1,1,0,0,0,0,0,-2,-2,-1,0,0,0,0,0,0,0,0,0,-1,0,-1,-1,0,0,0,-1,-1,-1,-1,1,-1,0,-1,0,0,0,0,0,0,0,0,0,0,0,0.788,0.788,0,0,-0.832,0,-0.846,-0.846,0,0,0,0,-0.831,0,0,0,0,0,0,0,0,0,0.759,0.759,0,0
TCGA-14-0789,0,342,G4,0,0,2,0,0,1,1,1,1,1,1,0,0,0,0,0,-2,-1,-1,0,0,0,0,0,0,0,0,0,0,0,0,0,0,0,0,0,0,0,0,1,0,1,-1,0,0,0,0,0,0,0,0,0,0,0,0.574,0.574,0,0,0,0,-0.573,-0.573,0,0,0,0,0,0,0,0,0,0,0,0,0,0.472,0,0,0,0
TCGA-14-0813,0,41,G4,0,0,1,1,0,1,1,1,1,1,1,1,1,0,0,0,-2,-2,-1,-1,-1,-1,-1,-1,-1,-1,0,0,1,-1,0,0,0,1,1,0,0,0,0,1,-1,0,-1,0.112,0,0,0,0,0,0,0,0,0,0,1.242,1.242,0,0,-0.563,0.111,-0.682,-0.682,0,0,0,-0.311,0,-0.697,0,-0.719,-0.719,0.2,0.2,0,0,0,0,0,0,0.195
TCGA-14-0817,0,164,G4,0,0,2,1,1,1,1,1,1,1,1,1,1,-1,-1,-1,-2,-2,-1,-1,-1,-1,-1,-1,-1,-1,-1,-1,1,1,-1,-1,-1,-1,-1,-1,-1,-1,-1,1,1,1,-1,0.589,0.137,0.137,0,0,0,0,-0.183,-0.183,-0.336,-0.336,0.828,0.828,0.186,0.186,0.133,0.133,-0.778,-0.778,-0.464,-0.464,-0.205,-0.205,0.39,-0.13,-0.29,0,0,0,0,-0.13,-0.13,0.584,0.206,0.206,-0.214,0
TCGA-14-0867,0,62,G4,0,0,1,1,1,1,1,1,1,1,1,1,1,-1,-1,-1,1,1,-1,1,1,1,1,1,1,1,-1,-1,1,1,-1,-1,0,0,0,0,0,0,0,1,1,1,-1,0.426,-0.252,-0.252,0.123,0.123,-0.462,-0.462,-0.267,-0.267,0,0,0.401,0.401,0.834,0.834,0.113,0.113,-0.485,-0.485,-0.633,-0.633,-0.211,-0.211,0,0.132,-0.135,0,0,0,0,0.156,0.156,0.398,-0.375,-0.375,0,-0.119
TCGA-14-0871,0,880,G4,0,0,1,1,1,1,1,1,1,1,1,1,1,0,0,0,-1,-1,-1,0,0,0,0,0,0,0,-1,-1,1,1,1,1,0,0,0,0,0,0,0,1,-2,-2,-1,1.062,0.747,0.747,-0.142,-0.435,0,0,-0.322,-0.322,0,0,0.691,1.214,0.398,0.398,0,0,-0.771,-0.771,-0.754,-0.383,-0.229,-0.229,0.296,0,0,-0.628,-0.628,-0.351,-0.351,1.387,1.387,0,0.869,0.869,1.118,0.193
TCGA-14-1034,0,485,G4,0,0,1,-1,-1,1,1,1,1,1,1,0,0,0,0,0,0,0,-1,0,0,0,0,0,0,0,0,0,0,1,-1,-1,0,0,0,0,0,0,0,1,0,1,-1,-0.673,0,0,0,0,0,0,0,0,0,0,0.689,0.689,-0.421,-0.421,0,0,-0.721,-0.721,0,0,0,0,-0.702,0,0,0,0,0,0,0,0,0.489,0,0,0.654,-0.765
TCGA-14-1037,0,587,G4,0,0,2,2,0,1,1,1,1,1,1,0,0,0,0,0,-2,-2,-1,0,0,0,0,0,0,0,0,0,0,0,0,-1,0,-1,-1,-1,-1,-1,-1,1,-1,0,-1,0,0,0,0,0,0,0,0,0,0,-0.539,0.539,0.539,0,0,-0.538,0,-0.548,-0.548,0,0,0,0,0,0,0,0,0,0,0,0,0,0,0,0,0,0
TCGA-14-1396,0,34,G4,0,0,1,0,0,1,1,1,1,1,1,0,0,0,0,0,-2,-2,0,-1,-1,-1,-1,-1,-1,-1,1,1,-1,0,-1,-1,-1,0,0,0,-1,0,-1,1,-1,0,0,0,0,0,0,0,0,0,0.643,0.643,0,0,0.679,1.876,0,0,-0.744,-0.744,0,0,0,0,0.649,0.649,-0.767,-0.744,0,0,0,-0.758,0,0,0,0,0,0,0,0
TCGA-14-1401,0,114,G4,-1,-1,2,2,0,1,1,1,1,1,1,0,0,0,0,0,-2,-2,-1,0,0,0,0,-1,0,0,0,0,0,0,0,0,0,0,0,0,0,0,0,1,0,0,-1,0,0,0,0,0,0,0,0,0,0,0,0.598,0.598,0,0,0,0,-0.642,-0.642,0,0,0,0,0,0,0,0,0,0,0,0,0,0,0,0,0,0
TCGA-14-1402,0,975,G4,-1,-1,2,0,0,0,0,0,0,0,0,0,0,0,0,0,-2,-2,-1,0,0,0,0,0,0,0,0,0,0,0,0,0,0,-1,0,0,0,0,0,0,-1,1,-1,0,0,0,0,0,0,0,0,0,0,0,0,0,0,0,-0.795,0,-0.827,-0.827,0,0,0,0,0,0,0,0,0,0,0,0,0,0.661,0.778,0.778,0,-0.835
TCGA-14-1451,0,703,G4,0,0,1,0,0,1,1,1,1,1,1,0,0,0,0,0,0,0,-1,0,0,0,0,0,0,0,0,0,-1,0,-1,-1,0,0,0,0,0,0,0,1,0,0,-1,0,0,0,0,0,0,0,0,0,0,0,0.624,0.624,0,0,0,0,-0.814,-0.814,0,0,-0.651,-0.651,-0.801,0,0,0,0,0,0,0,0,0,0,0,0,0
TCGA-14-1452,0,216,G4,-1,-1,2,1,0,0,0,0,0,0,0,1,1,0,0,0,-2,-2,-1,0,0,0,0,0,0,0,0,0,1,-1,0,0,0,0,0,0,0,0,0,2,0,1,-1,0.606,0,0,0,0,0,0,0,0,0,0,0.615,0.615,0,0,0,0,-0.758,-0.758,0,0,0,0,0,0,0,0,0,0,0,0,0,0.469,0.632,0.632,0,0
TCGA-14-1453,0,35,G4,0,0,2,0,1,0,0,0,0,0,0,0,0,0,0,0,-1,-1,-1,-1,-1,-1,-1,-1,-1,-1,-1,-1,0,0,-1,-1,-1,-1,-1,-1,-1,-1,-1,1,-1,0,-1,0,0.158,0.158,0,0,0.7,-0.308,-0.195,-0.195,-0.86,-0.86,0.871,0.871,0,0,-1.293,-1.05,-0.893,-0.893,0,0,0.505,0.505,-0.864,0,0,0,0,-0.88,-0.88,-0.884,0,0,0.782,0,0,0
TCGA-14-1454,0,918,G4,-1,-1,1,1,0,1,1,1,1,1,1,1,1,0,0,0,0,0,-1,0,0,0,0,0,0,0,0,0,1,1,-1,-1,1,1,1,1,1,1,1,1,0,1,-1,1.126,0,0,0,0,-0.516,-0.516,0,0,0.122,0.122,0.66,0.66,0,0,0,0,-0.759,-0.759,-0.586,-0.586,0,0,-0.705,0,0,0.391,0.391,0,0,0,0,0.287,0,0,0.442,-0.557
TCGA-14-1458,0,203,G4,0,1,1,0,0,1,1,1,1,1,1,0,0,0,0,0,-1,-1,0,0,0,0,0,0,0,0,0,0,-1,-1,-1,-1,0,0,0,0,0,0,0,1,-1,-1,0,0,0,0,-0.404,-0.404,-0.55,-0.222,0,0,0,0,0.858,0.858,0,0,-0.322,0,0,0,0,0,0,0,-0.328,0,0,0,0,0,0,0,0,-0.174,0,0,0,0
TCGA-14-1459,0,378,G4,-1,-1,2,2,0,1,1,1,1,1,1,0,0,1,0,1,-2,-2,-1,0,0,0,0,0,0,0,0,0,0,0,0,0,0,0,0,0,0,0,0,1,0,0,-2,0,0,0,0,0,0,0,0,0,0,0,0.838,0.838,0,0,0,0,0,-0.89,-0.235,-0.235,0,0,0,0,0,0,0,0,0,0,0,0,0,0,0,0
TCGA-14-1794,0,30,G4,0,0,2,1,-1,1,1,1,1,1,1,1,1,-1,-1,-1,0,0,-1,0,0,0,0,0,0,0,0,0,1,1,0,-2,1,1,1,1,1,1,1,1,0,0,-1,0.151,0,0,0.379,0.379,0,0,0,0,0.128,0.128,0.516,0.516,-0.189,-0.189,0,0,-0.493,-0.493,-0.374,-0.374,-0.142,-0.142,0,0,-0.448,0,0,0.101,0.441,0.267,0.267,0,0,0,0,-0.252
TCGA-14-1795,0,60,G4,0,0,1,0,0,1,1,2,1,1,1,0,0,0,0,0,-2,-2,-1,0,0,0,0,0,0,0,0,0,0,-2,0,0,0,0,0,0,0,0,0,1,-2,0,-1,0,0,0,0,0,0,0,0,0,0,0,0.68,0.68,0,0,0,0,-0.721,-0.721,0,0,0,0,0,0,0,0,0,0,0,0,0,0,0,0,0,0
TCGA-14-1821,0,541,G4,0,1,0,0,0,0,0,0,0,0,0,0,0,0,0,0,-1,-1,0,-1,-1,-1,-1,-1,-1,-1,-1,-1,0,0,0,0,1,0,0,0,1,0,1,0,-1,0,0,0,0,0,0,0,1.318,0.907,-0.143,-0.143,0,0,0,0,0,0,0,1.043,0,0,-0.942,0,0.192,0.192,0,0,0,0,0.131,0,0,0,0,0,0,0,0,-0.384
TCGA-14-1823,0,543,G4,0,0,2,1,-1,1,1,1,1,1,1,1,1,1,1,1,-2,-2,-1,-1,-1,-1,-1,-1,-1,-1,1,1,1,1,-1,-1,-1,-1,-1,-1,-1,-1,-1,1,0,1,-1,0.461,0.453,0.453,-0.169,-0.169,-0.121,-0.121,0.503,0.503,-0.206,-0.206,0.953,0.953,-0.179,-0.179,0,0,-0.649,-0.649,-0.176,-0.176,1.683,0.469,-0.169,-0.175,0.474,-0.174,-0.174,0,0,0.33,0.33,0.42,0.474,0.474,-0.166,0
TCGA-14-1825,0,232,G4,0,0,1,0,1,1,-1,1,1,1,1,0,0,0,0,0,-2,-2,-1,0,0,0,0,-1,0,0,0,0,0,0,-1,-1,0,0,0,0,0,0,0,1,0,0,-2,0,0,0,1.537,1.537,0,0,0,0,0,0,0.524,0.524,0.794,0.794,0,0,-0.853,-0.853,0,0,0,0,-0.278,0,0,0,0,0,0,0,0,0,0,0,0,0
TCGA-14-1827,0,179,G4,0,0,2,0,0,1,1,1,1,1,1,0,0,0,0,0,-2,-2,-1,0,0,0,0,0,0,0,0,0,-1,1,0,0,0,0,0,0,0,0,0,1,0,0,-1,0,0,0,0,0,0,0,0,0,0,0,0.818,1.142,0,0,0,0,-0.454,-0.821,0,0,0,0,0,0,0,0,0,0,0,0,0,0,0,0,0,0
TCGA-14-1829,1,218,G4,0,0,2,0,0,1,0,1,1,1,1,0,0,0,0,0,-2,-2,-1,-1,-1,-1,-1,-1,-1,-1,0,0,-1,0,0,0,0,0,0,0,0,0,0,1,0,1,-1,0,0,0,0,0.437,0,0,0,0,0,0,0.717,0.717,0,0,0,0,-0.746,-0.746,0,0,0,0,0,-0.482,0,0,0,0,0,0,0,0.634,0,0,0,0
TCGA-15-1446,1,581,G4,0,0,2,1,0,1,1,1,1,1,1,0,0,0,0,0,-2,-2,-1,0,0,0,0,0,0,0,0,0,0,0,0,0,0,0,0,0,0,0,0,0,0,1,-2,0,0,0,0,0,0,0,0,0,0,0,0.627,0.627,0,0,0,0,-0.666,-0.666,0,0,0,0,0,0,0,0,0,0,0,0,0,0.525,0,0,0,0
TCGA-15-1447,1,1618,G4,-1,-1,0,0,0,0,0,0,0,0,0,1,1,0,0,0,-1,-1,0,-1,0,0,0,-1,0,0,-1,-1,0,1,-1,-1,1,1,1,1,1,1,1,0,-1,0,0,0.133,-0.498,-0.498,-0.523,-0.523,0,-0.489,0.139,0,0.553,0.553,0,0,-0.46,0,-0.535,-0.535,0,0,-0.53,0,0,-0.536,-0.52,-0.563,-0.567,0.538,0.538,-0.103,-0.598,0.621,0.621,0,0.398,0.105,0,-0.311
TCGA-15-1449,0,404,G4,-1,-1,1,1,0,1,1,1,1,1,1,1,1,-1,-1,-1,-2,-2,-1,0,0,0,0,0,0,0,0,0,-1,1,-1,-1,1,1,1,1,1,1,1,1,-1,0,-1,0.204,0,0,-0.249,-0.249,-0.238,-0.238,0,0,0.138,0.138,1.489,1.489,0,0,0.253,0.253,-0.261,-0.261,-0.234,-0.234,0.639,0.639,-0.273,0,-0.509,0.136,0.136,-0.462,0.158,0.18,0.18,0.816,0.423,0.423,0,0.357
TCGA-19-0955,1,358,G4,-1,-1,1,0,0,1,1,1,1,1,1,0,0,0,0,0,-2,-2,-1,0,0,0,0,0,0,0,1,1,0,0,0,0,0,0,0,0,0,0,0,1,-1,1,-1,0,0,0,0,0,0,0,0.493,0.493,0,0,0.477,0.477,0,0,-0.5,0,-0.503,0,0,0,0,0,0,0,0,0,0,0,0,0,0,0.43,0.45,0.45,0,0
TCGA-19-0964,1,103,G4,-1,-1,2,0,0,0,0,0,0,0,0,0,0,0,0,0,-2,-2,-1,0,0,0,0,0,0,0,0,0,0,0,0,0,0,0,0,0,0,0,0,0,0,0,-1,0,0,0,0,0,0,0,0,0,0,0,0,0,0,0,0,0,-0.96,-0.96,0,0,0,0,0,0,0,0,0,0,0,0,0,0,0,0,0,-0.955
TCGA-19-1386,0,276,G4,0,0,2,0,0,1,1,1,1,1,1,0,0,0,0,0,-2,-2,-1,0,0,0,0,0,0,0,0,0,-1,0,0,0,0,-1,-1,-1,0,0,0,1,0,1,-1,0,0,0,0,0,0,0,0,0,0,0,0.831,0.831,0,0,0,0,-0.908,-0.908,0,0,0,0,0,0,0,0,0,0,0,0,0,0.591,0.795,0.795,0,0
TCGA-19-1387,1,181,G4,0,0,1,2,0,1,1,1,1,1,1,-1,-1,-1,-1,-1,-2,-2,-1,0,0,0,0,0,0,0,-1,-1,-1,-1,-1,-1,0,0,0,0,0,0,0,1,0,0,-1,-0.22,0,0,0,0,-0.22,-0.22,-0.232,-0.232,0,0,1.388,1.388,0,0,0,0,-0.853,-0.853,-0.227,-0.227,0,0,-0.291,0,-0.817,0,0,0,0,0,0,0,0,0,0,0.188
TCGA-19-1392,0,111,G4,-1,-1,1,0,1,1,1,1,1,1,1,0,0,-1,-1,-1,-1,-1,-1,0,0,0,0,0,0,0,0,0,0,0,-1,-1,-1,-1,-1,-1,-1,-1,-1,1,1,1,-1,0,-0.123,-0.123,0,0,0,0,0,0,-0.389,-0.389,0.967,0.967,0.345,0.345,0.151,0.151,-0.908,-0.908,-0.907,-0.369,0,0,-0.443,0,-0.372,-1.293,0,0,0,0.182,0.182,0.505,0.114,0.114,0.12,-0.338
TCGA-19-2619,1,294,G4,0,0,2,1,2,1,2,0,1,1,2,2,2,0,0,0,-2,-2,-1,0,0,0,0,0,0,0,0,0,-1,-1,0,0,0,-1,-1,-1,-1,-1,-1,1,-1,0,-1,0,0,0,0,0,0,0,0,0,0,0,1.173,1.173,0,0,-0.95,-0.95,-1.022,-1.022,0,0,0,0,0,0,0,0,0,0,0,0,-0.61,0,0,0,0,0
TCGA-19-2631,0,213,G4,0,0,2,0,0,1,1,1,1,1,1,0,0,0,0,0,-2,-2,-1,0,0,-1,0,0,0,0,0,0,-1,0,0,0,0,-1,-1,0,0,0,0,1,0,0,-1,0,0,0,0,0,0,0,0,0,0,0,0.776,0.776,0,0,0,0,-0.851,-0.851,0,0,0,0,0,0,0,0,0,0,0,0,0,0,0.764,0.764,0,-0.858
TCGA-26-1438,1,305,G4,-1,-1,1,0,0,1,1,1,1,1,1,0,0,-1,-1,-1,0,0,-1,0,0,0,0,-1,0,0,0,0,0,0,-1,-1,0,0,0,0,-1,0,-1,1,0,0,-1,0,0,0,0,0,0,0,0,0,0,0,0.878,0.878,0,0,0,0,-0.221,-0.478,0,0,0,0,0,0,-0.144,0,0,0,0,-0.478,-0.21,0,0,0,0,0
TCGA-26-1439,0,422,G4,0,0,2,0,-1,1,1,1,1,1,1,0,0,-1,-1,-1,-2,-2,-1,-1,-1,-1,-1,-1,-1,-1,0,0,0,0,-1,-1,-1,-1,-1,-1,-1,-1,-1,1,-1,0,-1,0,0.1,0.1,-0.245,-0.245,0.125,0.125,0,0,-0.333,-0.333,0.491,0.491,-0.328,-0.328,-0.668,-0.668,-0.744,-0.744,-0.326,-0.326,0,0,-0.25,-0.611,-0.329,0,0,0,0,-0.309,-0.309,0,0.103,0.103,0,0
TCGA-26-1440,1,296,G4,-1,-1,2,2,0,1,1,1,1,1,1,1,1,0,0,0,-1,-1,-1,-1,-1,-1,-1,-1,-1,-1,1,1,1,-1,0,0,0,0,0,0,0,0,0,1,0,0,-1,0.634,0,0,0.223,0.223,0,0,0,0,0,0,0.703,0.703,0,0,0,0,-0.783,-0.783,0,0,0,0,0,-0.781,0,0,0,0,0,0,0,0,0.648,0.648,0,0
TCGA-26-1443,1,217,G4,-1,-1,2,0,0,1,1,1,1,1,1,0,0,0,0,0,-2,-2,-1,0,0,0,0,0,0,0,0,0,0,0,0,0,0,-1,-1,-1,-1,-1,-1,1,0,0,-1,0,0,0,0,0,0,0,0,0,0,-0.849,1.636,1.636,0,0,0,0,0,-0.921,0,0,0,0,0,0,0,0,0,0,0,0,0,0,0,0,0,0
TCGA-26-1799,0,285,G4,0,0,2,0,0,1,1,1,1,1,1,2,0,0,0,0,-1,-1,-1,0,0,0,0,0,0,0,0,0,0,-1,0,0,0,0,0,0,0,0,0,1,0,1,-2,0,0,0,0,0,0,0,0,0,0,0,0.916,0.916,0,0,0,0,-0.922,-0.922,0,0,0,0,0,0,0,0,0,0,0,0,0,0.76,0.811,0.811,0,0
TCGA-27-1830,0,154,G4,0,0,1,0,0,1,1,1,1,1,1,0,0,-1,-1,-1,-2,-2,-1,0,0,0,0,0,0,0,0,0,0,0,-1,-1,0,0,0,0,0,0,0,1,0,0,-1,0,0,0,0,0,-0.126,-0.126,0,0,0,0,0.635,0.635,0,0,0,0,-0.62,-0.62,-0.457,-0.457,0,0,-0.654,0,-0.138,0,0,0,0,-0.208,0,0,0,0,0,-0.503
TCGA-27-1831,0,505,G4,0,0,1,0,0,1,1,1,1,1,1,0,0,0,0,0,-2,-1,-1,0,0,0,0,0,0,0,0,0,0,0,0,0,1,0,0,0,0,0,0,1,0,0,-1,0,0,0,0,0.162,0,0,0,0,0.159,0,3.657,3.657,0,0,0,0,-0.69,-0.69,0,0,0,0,0,0,0,0,0,0,0,0,0,0,0,0,0,0
TCGA-27-1832,0,300,G4,0,0,2,0,0,1,1,1,1,1,1,0,0,0,0,0,-1,-1,-1,-1,-1,-1,-1,-1,-1,-1,0,0,0,0,-1,-1,-1,-1,-1,-1,-1,-1,-1,0,0,0,-2,0,0,0,0,0,0,0,0,0,-0.541,-0.541,1.24,1.24,0,0,0,0,-0.542,-0.542,0,0,0,0,0,-0.273,0,0.113,-0.44,0,0,0,0,0,0,0,0.182,-0.101
TCGA-27-1833,0,737,G4,0,0,2,0,0,1,1,1,1,1,1,0,0,0,0,0,-2,-2,-1,0,0,0,0,0,0,0,0,0,-1,0,0,0,0,-1,-1,-1,-1,-1,-1,1,-1,1,-1,0,0,0,0,0,0,0,0,0,0,0,0.916,0.916,0,0,-0.845,0,-0.972,-0.972,0,0,0,0,0,0,0,0,0,0,0,0,0,0.718,0.806,0.806,0,0
TCGA-27-1834,0,1233,G4,0,0,1,2,1,1,1,1,1,1,1,0,0,-1,-1,-1,-2,-2,-1,-1,-1,-1,-1,-1,-1,-1,-1,-1,0,0,-1,-1,0,0,0,0,0,0,0,1,1,-1,-1,0,0.128,0.128,0.367,0.367,0,0,-0.301,-0.301,0,0,0.777,0.777,0.34,0.34,0.182,0.182,-0.716,-0.716,0,0,0,0,-0.714,-0.671,-0.561,0,0,0,0,-0.213,-0.213,-0.113,0.102,0.102,0,-0.175
TCGA-27-1835,0,648,G4,0,0,1,0,0,1,1,1,1,1,1,0,0,0,0,0,0,0,-1,-1,0,0,0,-1,0,0,-1,0,0,0,0,0,0,0,0,0,0,0,0,1,0,0,-1,0,0,0,0,0,0,0,0,0,0,0,0.809,0.809,0,0,0,0,-0.886,-0.886,0,0,0,0,0,0,0,-0.768,0,-0.076,0.762,0,0,0,0.773,0.773,0,-0.846
TCGA-27-1836,0,914,G4,0,0,2,0,0,0,0,0,0,0,0,0,0,0,0,0,-2,-2,-1,0,0,0,0,0,0,0,0,0,0,0,0,0,0,0,0,0,0,0,0,0,-1,0,-2,0,0,0,0,0,0,0,0,0,0,0,0,0,0,0,0,0,-0.749,-0.749,0,0,-0.725,0,0,0,0,0,0,0,0,0,0,0,0,0,0,0
TCGA-27-1837,0,427,G4,0,0,2,0,0,1,1,1,1,1,1,0,0,0,0,0,-2,-2,-1,0,0,0,0,0,0,0,0,0,0,0,0,0,0,0,0,0,0,0,0,0,0,0,-1,0,0,0,0,0,-0.823,0,0,0,0,0,0,0.739,0,0,0,0,-0.824,-0.824,0,0,0,0,0,0,0,0,0,0,0,0,0,0,0,0,0,0
TCGA-27-1838,0,350,G4,0,0,2,0,0,1,1,1,1,1,1,0,0,0,0,0,1,1,-1,0,0,0,0,0,0,0,0,0,0,0,0,0,0,0,0,0,0,0,0,1,1,0,-1,0,0,0,0,0,-0.137,-0.137,0,0,0,0,1.597,1.597,0,0,0.812,0.812,-0.869,-0.869,0,0,0.571,0.571,0,0,0,0,0,0,0,-0.27,-0.885,0,0,0,0,0
TCGA-27-2518,0,753,G4,0,0,2,2,0,1,1,1,1,1,1,0,0,1,0,1,0,0,-1,0,0,0,0,0,0,0,0,0,0,0,0,0,0,-1,-1,0,0,0,0,1,0,1,-1,0,0,0,0,0,0,0,0,0,0,0,0.683,0.683,0,0,0,0,-0.706,-0.706,0,0,0,0,0,0,0,0,0,0,0,0,0,0.599,0,0,0,0
TCGA-27-2519,0,550,G4,0,0,1,0,0,1,1,1,1,1,1,0,0,-1,-1,-1,0,0,-1,-1,-1,-1,-1,-1,-1,-1,0,0,0,0,-1,-2,0,0,0,0,0,0,0,1,0,0,-1,0,0,0,0,0,0,0,0,0,0,0,0.647,0.647,0,0,0,0,-0.685,-0.685,0,0,0,0,-0.691,-0.672,-0.667,0,0,0,0,0,0,-0.633,0.717,0.717,0,-0.661
TCGA-27-2521,0,510,G4,0,1,0,0,2,1,1,1,1,1,1,0,0,0,0,0,-2,-2,-1,0,0,0,0,0,0,0,-1,-1,-1,-1,-1,-1,-1,0,0,0,0,0,0,-1,-1,1,-1,0,0,0,0.109,0.109,0,0,-0.189,-0.189,0,0,0,0.134,0.008,0.008,-0.644,-0.644,-0.176,-0.176,0.122,0.122,0,0,-0.243,0,0,-0.464,-0.464,0.161,0.161,0.133,0.133,0.148,-0.136,0.146,-0.877,0.168
TCGA-27-2523,0,489,G4,0,0,2,0,0,1,1,1,1,1,1,0,0,0,0,0,-2,-2,-1,0,0,0,0,0,0,0,0,0,0,0,0,0,0,0,0,0,0,0,0,1,-1,1,-1,0,0,0,0,0,0,0,0,0,0,0,0.82,0.82,0,0,0,0,-0.859,0,0,0,0,0,0,0,0,0,0,0,0,0,0,0,0.809,0.809,0,-0.886
TCGA-27-2524,0,231,G4,0,0,1,1,0,1,1,1,1,1,1,1,1,-1,-1,-1,-2,-2,-1,0,0,0,0,0,0,0,0,0,-1,0,-1,-1,-1,-1,-1,-1,-1,-1,-1,1,-1,1,-1,0,0,0,0,0,0,0,0,0,-0.789,-0.789,0.767,0.767,-0.75,0,0,0,-0.778,-0.778,0,0,0,0,0,0,-0.652,-0.652,-0.652,0,0,0,0,0.583,0,0,0,0
TCGA-27-2526,0,87,G4,0,0,2,0,0,1,1,1,1,1,1,0,0,1,0,0,-1,-1,-1,0,0,0,0,0,0,0,0,0,0,0,0,0,0,0,-1,-1,-1,-1,-1,1,-1,0,-1,0,0,0,0,0,0,0,0,0,0,0,1.557,1.557,0,0,-0.816,0,0,-0.844,0.78,0,0,0,0,0,0,0,0,0,0,0,0,0,0.761,0.761,0.791,0
TCGA-27-2527,0,438,G4,0,0,1,0,0,0,0,0,0,0,0,0,0,0,0,0,-2,-2,-1,-1,-1,-1,-1,-1,-1,-1,0,0,0,-2,0,0,0,-2,0,0,0,0,0,1,0,0,-1,0,0,0,0,0,0,0,0,0,0,0,0.235,0,0,0,0,0,-0.392,-0.392,0,0,0,0,0,-0.394,0,0,0,0,0,0,0,0,0.116,0.116,0.385,-0.374
TCGA-27-2528,0,480,G4,0,0,2,1,0,0,0,0,2,0,0,0,0,0,0,0,-2,-2,-1,0,0,0,0,0,0,0,0,0,0,0,0,0,0,0,0,0,0,0,0,1,0,1,-1,0,0,0,0,0,0,0,0,0,0,0,0,0,0,0,0,0,-0.837,-0.837,0,0,0,0,0,0,0,0,0,0,0,0,0,0.712,0.768,0.768,0,0
TCGA-28-1746,1,6,G4,0,0,1,0,1,1,1,1,1,1,1,0,0,-1,-1,-1,0,0,-1,0,0,0,0,0,0,0,0,0,0,0,-1,0,0,0,0,0,0,0,0,1,0,1,-1,0,0,0,0,0,0,0,0,0,0,0,1.473,1.473,1.273,1.273,0,0,-0.89,-0.89,0,0,0,0,-0.107,0,-0.791,0,0,0.107,0.107,0,0,0,0,0,0,-0.841
TCGA-28-1749,1,280,G4,0,0,2,0,0,1,1,1,1,1,1,0,0,0,0,0,-2,-2,-1,0,0,0,0,0,0,0,0,0,0,0,0,0,0,-1,-1,0,0,0,0,1,0,1,-1,0,0,0,0,0,0,0,0,0,0,0,0.866,0.866,0,0,0,0,-0.933,-0.933,0,0,0,0,0,0,0,0,0,0,0,0,0,0.672,0.797,0.797,0,0
TCGA-28-1750,1,254,G4,0,0,1,2,-1,1,1,1,1,1,1,0,0,-1,-1,-1,-2,-2,-1,-1,-1,-1,-1,-1,-1,-1,0,0,-1,0,-1,-1,-1,-1,-1,-1,-1,-1,-1,1,-1,0,-1,0,0,0,0,0,0,0,0,0,-0.507,-0.507,0.848,0.848,-0.352,-0.352,-0.482,-0.097,-0.498,-0.498,0,0,0,0,-0.499,-0.488,-0.333,-0.49,-0.49,0,0,-0.32,-0.32,0,-0.329,-0.329,0,0
TCGA-28-1751,1,232,G4,0,0,1,0,0,2,1,1,1,1,1,0,0,0,0,0,-2,-2,-1,0,0,0,0,0,0,0,0,0,0,0,0,0,0,0,0,0,0,0,0,1,-1,1,-1,0,0,0,0,0,0,0,0,0,0,0,0.415,0.415,0,0,0.001,0.423,-0.429,-0.429,0,0,0,0,0,0,0,0,0,0,0,0,0,0.324,0.396,0.396,0,0
TCGA-28-1752,1,258,G4,0,0,2,2,0,1,1,1,1,1,1,1,1,0,0,0,0,0,-1,0,0,0,0,0,0,0,0,0,-1,1,-1,-1,0,0,0,0,0,0,0,1,0,1,-2,0.101,0,0,-0.544,-0.544,0,0,0,0,0,0,0.528,0.528,0,0,0,0,-0.546,-0.546,0,0,0,0,-0.488,0,0,0,0,0,0,0,0,0.462,0,0,0,-0.554
TCGA-28-1755,0,47,G4,0,0,2,0,0,1,1,1,1,1,1,0,0,0,0,0,-2,-2,-1,0,0,0,0,0,0,0,0,0,0,0,0,0,0,0,0,0,0,0,0,1,0,0,-1,0,0,0,0,0,0,0,-0.917,0,0,0,0.9,0.9,0,0,0,0,0,-0.922,0,0,0,0,0,0,0,0,-0.894,0,0,0,0,0,0,0,0,0
TCGA-28-1757,1,4,G4,0,0,2,0,0,1,1,1,1,1,1,0,0,0,0,0,-2,-2,-1,0,0,0,0,0,0,0,0,0,0,0,0,0,-1,0,0,0,0,0,0,1,0,0,-1,0,0,0,0,0,0,0,0,0,0,0,1.338,1.338,0,0,-0.696,-0.696,-0.74,-0.74,0,0,0,0,0,0,0,0,0,0,0,0,0,0,0,0,0,0
TCGA-41-2572,0,406,G4,0,0,2,0,0,1,1,1,1,1,1,0,0,0,0,0,-1,-1,-1,0,0,0,0,0,0,0,-1,-1,-1,0,0,0,0,-1,-1,-1,-1,-1,-1,1,-1,1,-1,0,0,0,0,0,0,0,0,0,0,0,0.816,0.816,0,0,-1.293,-1.293,-0.88,-0.88,0,0,0,0,0,0,0,0,0,0,0,0,0,0.633,0.719,0.719,0,0
TCGA-41-2573,1,272,G4,0,0,1,1,1,2,2,2,2,2,2,0,0,-1,-1,-1,-1,-1,-1,-1,-1,-1,-1,-1,-1,-1,0,0,0,0,-1,-1,0,0,0,0,0,0,0,1,-1,0,-1,0,0,0,0,0,0,0,0,0,0,0,0.878,0.878,0.565,0.565,-0.571,0.619,-0.593,-0.593,0,0,0,0,-0.526,-0.563,-0.573,0.571,0.571,-0.595,0,0.582,0.582,0,0,0,0,-0.595
TCGA-41-2575,0,290,G4,0,0,2,0,0,1,1,1,1,1,1,0,0,1,1,1,-1,-1,-1,-1,-1,-1,-1,-1,-1,-1,0,0,-1,0,0,0,0,-1,-1,0,-1,0,-1,1,-1,1,-1,0,0,0,0,0,0,0,0,0,0,0,1.13,1.13,0,0,0,0,-1.293,-1.293,0,0,0,0,0,-1.049,0.103,0,0,0.112,0.112,0,0.938,0.102,0.262,0.262,1.15,-1.087
TCGA-41-3392,0,30,G4,0,0,2,1,0,1,1,1,1,1,1,0,0,0,0,0,-2,-2,-1,-1,-1,-1,-1,-1,-1,-1,0,0,0,0,-1,-1,0,-1,-1,-1,-1,-1,-1,1,-1,0,-1,0,0,0,0,0,0,0,0,0,0,-0.947,0.239,2.227,0,0,-0.857,0,-0.963,-0.963,0,0,0,0,-0.936,-0.217,0,0,0,-0.97,-0.97,-0.194,-0.194,0,0,0,-0.235,0
TCGA-41-3393,0,135,G4,0,0,2,0,0,1,1,1,1,1,1,0,0,0,0,0,-2,-2,-1,0,0,0,0,0,0,0,0,0,-1,0,0,0,0,0,0,0,0,0,0,1,-1,1,-1,0,0,0,0,0,0,0,0,0,0,0,0.689,0.689,0,0,-0.699,0,-0.727,-0.727,0,0,0,0,0,0,0,0,0,0,0,0,0,0.553,0.667,0.667,0,0
TCGA-41-3915,0,360,G4,0,0,1,0,0,1,1,1,1,1,1,0,0,-1,-1,-1,1,1,-1,0,0,0,0,0,0,0,0,0,0,0,-1,-2,0,0,0,0,0,0,0,1,1,1,-1,0,0,0,0.332,0.332,0.268,0,0,0,0,0,0.339,0.339,-0.55,-0.247,0.385,0.385,-0.418,-0.418,-0.309,-0.309,0,0,-0.593,0,-0.411,-0.113,-0.113,-0.147,0.395,0.346,0.346,0.229,0,0,0.514,-0.571
TCGA-CS-4938,1,3574,G2,0,1,0,0,0,1,1,1,1,1,1,0,0,0,0,0,0,0,0,-1,-1,-1,-1,-1,-1,-1,0,0,0,0,0,0,0,0,0,0,0,0,0,0,0,0,0,0,0,0,0,0,0,0,0,0,0,0,0,0,0,0,0,0,0,0,0,0,0,0,0,-0.778,0,0,0,0,0,0.772,0,0,0,0.745,0,0
TCGA-CS-4941,0,234,G3,0,0,2,1,0,1,1,1,1,1,1,1,1,0,0,0,0,0,-1,-1,-1,-1,-1,-1,-1,-1,0,0,1,1,0,0,0,0,0,0,0,0,0,1,0,0,-1,0.446,0,0,0,0,0,0,0,0,0,0,0.573,0.573,0,0,0,0,-0.584,-0.584,0,0,0,0,0,-0.585,0,0,0,0,0,0,0,0,0,0,0,0
TCGA-CS-5393,1,1222,G3,0,1,2,0,1,0,0,0,0,0,0,0,0,0,0,0,-1,-1,0,0,0,0,0,0,0,0,0,0,0,0,0,0,0,0,0,0,0,0,0,-1,-1,0,0,0,0,0,0,0,0,0,0,0,0,0,1.096,-0.678,0,0,-0.517,0,1.252,1.252,0,0,0,0,0,0,0,0,0,0,0,0,0,0,0,0,0,0
TCGA-CS-5394,1,8,G3,0,1,0,0,0,0,0,0,0,0,0,0,0,0,0,0,0,0,0,0,0,0,0,0,0,0,0,0,-1,-1,0,0,0,0,0,0,0,0,0,0,0,0,0,0,0,0,0,0,0,0,0,0,0,0,0,0,0,0,0,0,0,0,0,0,0,0,0,0,0,0,0,0,0,0,0,0,0,0,0,0
TCGA-CS-5395,0,639,G2,0,0,1,2,0,1,1,1,1,1,1,0,0,0,0,0,-2,-2,-1,0,0,0,0,0,0,0,0,0,0,0,0,0,0,0,0,0,0,0,0,1,-1,1,-1,0,0,0,0,0,0,0,0,0,0,0,0.809,0.809,0,0,-0.804,0,-0.821,-0.821,0,0,0,0,0,0,0,0,0,0,0,0,0,0.628,0.752,0.752,0,0
TCGA-CS-5397,0,194,G3,0,0,1,1,0,1,1,1,1,1,1,0,0,0,0,0,-2,-2,-1,0,0,0,0,0,0,0,0,0,0,0,0,0,-1,-1,-1,-1,-1,-1,-1,0,-1,0,-1,0,0,0,0,0,0,0,0,0,-0.55,-0.55,0.564,0.564,0,0,-0.605,-0.239,-0.607,-0.607,0,0,0,0,0,0,0,0.151,0.151,0,0,0,0,0,0.548,0.548,0,-0.601
TCGA-CS-6186,0,538,G3,0,0,1,0,0,1,1,1,1,1,1,0,0,0,0,0,-2,-2,-1,0,0,0,0,0,0,0,0,0,0,0,0,0,0,0,0,0,-1,0,-1,1,0,1,-1,0,-0.112,0,0,0,0,0,0,0,0,0,0.754,0.754,0,0,0,0,-0.861,-0.861,0,0,0,0,0,0,0,0,0,0,0,0,0,0.756,0,0.73,0,-0.766
TCGA-CS-6188,0,814,G3,0,0,2,0,0,1,1,1,1,1,1,0,0,0,0,0,-2,-2,-1,0,0,0,0,0,0,0,0,0,0,0,0,0,0,0,0,0,0,0,0,0,-1,1,-1,0,0,0,0,0,0,0,0,0,0,0,0,0.579,0,0,-0.174,-0.174,-0.638,-0.638,0,0,0,0,0,0,0,0,0,0,0,0,0,0.413,0.563,0.563,0,0
TCGA-CS-6290,0,1137,G3,0,1,0,0,2,0,0,0,0,0,0,0,0,0,0,0,0,0,0,0,0,0,0,0,0,0,0,0,0,0,-1,-1,0,0,0,0,0,0,0,0,0,0,0,0,0,0,0,0,0,0,0,0,0,0,0,0,0,0.152,0,0,0,0,0,0,0,0,-0.146,0,0,0,0,0,0,0,0,0,0,0,0,0
TCGA-CS-6666,1,1428,G3,0,1,0,0,2,0,0,0,0,0,0,0,0,1,1,1,-1,-1,0,0,0,0,0,0,0,0,-2,-2,0,0,-1,-1,-1,-1,-1,-1,-1,-1,-1,0,-1,0,0,0,-0.124,-0.124,-0.232,-0.232,0.528,0,0,0,-0.219,-0.219,0,0,0.322,1.902,-0.248,-0.248,0,0,0.349,0,0,0,-0.249,0,0,0,0,0,0,0,0,0,0,0,0,0
TCGA-CS-6667,1,1469,G2,0,1,0,0,0,0,0,0,0,0,0,0,0,0,0,0,0,0,0,0,0,0,0,0,0,0,0,0,0,0,0,0,0,0,0,0,0,0,0,0,0,0,0,0,0,0,0,0,0,0,0,0,0,0,0,0,0,0,0,0,0.773,0,0,0,0,0,0,0,0,0,0,0,0,0,0,0,0,0,0,0
TCGA-CS-6668,1,1519,G2,1,1,0,0,0,0,0,0,0,0,0,0,0,0,0,0,0,0,0,-1,-1,-1,-1,-1,-1,-1,0,0,-1,-1,0,0,0,0,0,0,0,0,0,0,0,1,0,0,0,0,0.831,0,0,0,0,0,0,0,0,0,0,0,0,0,0,0,0,0,0,0,0,-0.892,0,0,0,0,0,0,0,-0.703,0,0,0,0.116
TCGA-CS-6669,1,1494,G2,0,0,0,0,0,0,0,0,0,0,0,0,0,0,0,0,0,0,0,0,0,0,0,0,0,0,0,0,0,0,0,0,0,0,0,0,0,0,0,0,0,0,0,0,0,0,0,0,0,0,0,0,0,0,0,0,0,0,0,0,0,0,0,0,0,0,0,0,0,0,0,0,0,0,0,0,0,0,0,0
TCGA-CS-6670,1,1426,G3,1,1,1,0,0,1,1,1,1,1,1,0,0,0,0,0,-1,-1,0,0,0,0,0,0,0,0,0,0,-1,-1,-1,-1,0,0,0,0,0,0,0,1,-1,0,0,0,0,0,0,0,0,0,0,0,0,0,0.116,0.116,0,0,-0.127,0,0,0,0,0,0,0,-0.196,0,0,0,0,0,0,0,0,0,0,0,0,0
TCGA-DB-A4XD,1,1210,G3,0,1,0,0,1,1,1,1,1,1,1,0,0,0,0,0,0,0,0,0,0,0,0,0,0,0,0,0,0,0,0,0,0,0,0,0,0,0,0,0,0,1,0,0,0,0,0,0,0,0,0,0,0,0,0,0,0,0,0,0,0,0,0,0,0,0,0,0,0,0,0,0,0,-0.109,-0.109,0.476,0,0,0,0
TCGA-DB-A64L,1,736,G2,1,1,0,1,0,0,0,0,0,0,0,1,1,0,0,0,-1,-1,-1,-1,-1,-1,-1,-1,-1,-1,0,0,-2,-2,0,0,0,0,0,0,0,0,0,0,-1,1,-1,0.241,0,0,0,0,0,0,0,0,0,0,0,0,0,0,-0.295,-0.295,-0.209,-0.209,0.212,0.346,0,0,0,-0.313,0,0,0,0,0,-0.306,-0.306,0.101,0,0,0,-0.235
TCGA-DB-A64O,0,775,G2,0,0,1,0,0,1,1,1,1,1,1,0,0,0,0,0,0,0,-1,-1,-1,-1,-1,-1,-1,-1,0,0,-1,-1,0,0,-1,-1,-1,-1,-1,-1,-1,1,0,0,-2,0,0,0,0,0,0,0,0,0,-0.539,-0.539,0.492,0.492,0,0,0,0,-0.519,-0.519,0,0,0,0,0,-0.534,0,0,0,0,0,0,0,0,0,0,0,-0.524
TCGA-DB-A64P,1,916,G3,1,1,0,0,0,0,0,0,0,0,0,0,0,0,0,0,0,0,0,0,0,0,0,0,0,0,0,0,-1,-1,0,0,0,0,0,0,0,0,0,0,0,1,0,0,0,0,0,0,0,0,0,0,0,0,0,0,0,0,0,0,0,0,0,0,0.74,0,0,0,0,0,0,0.102,0.102,0,0,0.113,0,0,0,0
TCGA-DB-A64R,1,955,G2,1,1,0,0,0,0,0,0,0,0,0,0,0,0,0,0,0,0,0,0,0,0,0,0,0,0,0,0,-1,-1,0,0,0,0,0,0,0,0,0,0,0,1,0,0,0,0,0,0,0,0,0,0,0,0,0,0,0,0,0,0,0,0,0,0,0,0,0,0,0,0,0,0,0,0,0,0.118,0,0,0,0
TCGA-DB-A64U,1,846,G2,1,1,0,0,0,0,0,0,0,0,0,0,0,0,0,0,0,0,0,0,0,0,0,0,0,0,0,0,-1,-1,0,0,0,0,0,0,0,0,0,0,0,2,0,0,0,0,0,0,0,0,0,0,0,0,0,0,0,0,0,0,0,0,0,0,0,0,0,0,0,0,0,0,0,0,0,0,0,0,0,0
TCGA-DB-A64W,0,438,G3,1,1,0,0,0,0,0,0,0,0,0,0,0,0,0,0,0,0,0,0,0,0,0,0,0,0,0,0,-1,-1,0,0,0,0,0,0,0,0,0,0,0,0,0,0,0,0,0,0,-0.821,-0.821,0,0,0,0,0,0,0,0,0,0,0,0,0,0,0,0,0,0,0,0,0,0,0,0,0,0,0,0,0.768,0
TCGA-DB-A75O,1,935,G3,0,1,0,0,0,1,1,0,0,1,0,0,0,0,0,0,0,0,0,0,0,0,0,0,0,0,0,0,0,0,-2,-2,2,0,0,0,0,0,0,0,0,0,0,0,0,0,0,0,0,-0.472,0,0,0,0,0.296,0.296,0,0,0,0,0,0,0,0,0,0,0,0,0,0,0,0,0,0,0,0,0.379,0,0,0
TCGA-DH-5140,0,607,G3,0,0,0,0,-1,0,0,0,0,0,0,0,0,-1,-1,-1,-1,-1,-1,-1,-1,-1,-1,-1,-1,-1,-1,-1,0,0,-1,-1,0,0,0,0,0,0,0,0,0,-1,-1,0,0,0,0,0,0,0,-0.42,-0.42,0,0,0,0,-0.313,-0.313,0,0,-0.476,-0.476,-0.269,-0.269,0,0,-0.205,-0.783,-0.245,0,0,0,0,-0.732,-0.732,-0.101,0,0,-0.163,0
TCGA-DH-5141,1,968,G3,1,1,0,0,0,0,0,0,0,0,0,0,0,0,0,0,0,0,0,0,0,0,0,0,0,0,0,0,-1,-1,0,0,0,0,0,0,0,0,0,0,0,2,0,-0.751,0,0,0,0,0,0,0,0,0,0,0,0,0,0,0,0,0,0,0,0,0,0,0,0,0,0,0,0,0,0,0,0,0,0,0,0
TCGA-DH-5142,1,1943,G3,0,1,2,0,0,0,0,0,0,0,0,0,0,-1,-1,-1,0,0,0,-1,-1,-1,-1,-1,-1,-1,0,0,0,0,-1,-1,0,0,0,0,0,0,0,0,0,2,0,0,-0.119,-0.119,0,0,0,0,0,0,0,0,0,0,0,0,0,0,0,0,-0.731,0,0,0,-0.727,-0.298,-0.255,0,0,0,0,-0.124,-0.124,-0.213,0,0,-0.679,0
TCGA-DH-5143,1,1401,G3,0,1,0,0,1,0,0,0,0,0,0,0,0,0,0,0,0,0,0,-1,-1,-1,-1,-1,-1,-1,0,0,0,0,0,0,0,0,0,0,0,0,0,0,0,0,0,0,0,0,0,0,0,0,0,0,0,0,0,0,0,0.122,0,0,0,0,0,0,0,0,0,-0.17,0,0,0,0,0,0,0,0,0,0,0,0
TCGA-DH-5144,1,748,G3,1,1,0,0,0,1,1,1,1,1,1,0,0,0,0,0,0,0,0,0,0,0,0,0,0,0,0,0,-1,-1,0,0,0,0,0,0,0,0,0,0,0,1,0,-0.903,0,0,0,0,0,0,0,0,0,0,0,0,0,0,0,0,0,0,0.129,0.129,0,0,0,0,0,0,0,0,0,0,0,-0.738,0,0,0,0
TCGA-DH-A669,0,919,G3,1,1,1,1,1,1,1,1,1,1,1,1,1,-1,-1,-1,0,0,-1,1,1,1,1,1,1,1,0,0,-1,-1,-1,-1,-1,-1,-1,-1,-1,-1,-1,1,0,1,-1,-0.031,0.277,0,0,0,-0.218,-0.218,0,0,-0.174,-0.174,0.64,0.64,0.329,0.329,0,0,-0.255,-0.431,0,0,0.361,0.361,-0.559,0.372,-0.208,-0.244,-0.244,0.548,0.548,-0.577,-0.577,-0.175,0.56,0.56,0,-0.226
TCGA-DH-A66B,1,1279,G3,0,1,0,0,0,-1,-1,-1,-1,-1,-1,0,0,0,0,0,0,0,-2,0,0,0,0,0,0,0,-1,-1,0,0,0,0,0,-1,-1,-1,-1,-1,-1,0,0,-1,0,0,0,-0.363,0,0,0,-0.401,0,0,0,-0.408,0,-0.273,-0.435,0,0,0,0.382,0,0,0,0,-0.41,0,0,0,0.329,0,0,0,-0.431,-0.431,-0.107,0.392,0,0,0
TCGA-DH-A66D,1,846,G3,0,1,0,0,0,2,2,2,2,2,2,0,0,0,0,0,0,0,-1,0,0,0,0,0,0,0,-1,-1,0,0,-1,-1,0,0,0,0,0,0,0,0,0,0,0,0,0,0,-0.807,-0.807,0,0,-0.272,-0.272,0,0,0,0,0,0,0,0,0,0,0.132,0.132,0,0,-0.459,0,0,0,0,0,0,0,0,0,0,0,0,0
TCGA-DH-A66F,1,523,G2,1,1,0,0,0,0,0,0,0,0,0,0,0,0,0,0,0,0,0,0,0,0,0,0,0,0,0,0,-1,-1,-1,-1,0,0,0,0,0,0,0,0,0,1,0,0,0,0,0,0,0,0,0,0,0,0,0,0,0,0,0,0,0,0,0,0,0,0,-0.107,0,0,0,0,0.123,0.123,0,0,0.11,0,0,0,0
TCGA-DH-A66G,1,523,G3,0,1,1,0,1,1,1,1,1,1,1,0,0,0,0,0,0,0,0,0,0,0,0,0,0,0,-1,-1,0,0,0,0,-1,0,0,0,0,0,0,0,0,0,0,0,0,0,0,0,-0.321,-0.321,-0.307,-0.307,0,0,0.105,0.105,0,0,0,0,0,0,-0.311,0.19,0,0,0,0,0,0,0,0,0,0,0,0,0,0,0,0
TCGA-DH-A7UR,1,1650,G3,1,1,0,0,0,0,0,0,0,0,0,0,0,0,0,0,-1,-1,0,0,0,0,0,0,0,0,0,0,-1,-1,0,0,0,0,0,0,0,0,0,0,-1,0,0,0,0.183,0.01,0,0,0,0,0,0,0,0,0,0,0,0,-0.597,0,0,0,0,0,0,0,0,0,0,0,0,0,0,0,0,0,0,0,0,0
TCGA-DH-A7US,1,706,G2,1,1,0,0,0,0,0,0,0,0,0,0,0,0,0,0,0,0,0,0,0,0,0,0,0,0,0,0,-1,-1,0,0,0,0,0,0,0,0,0,0,0,0,0,0,0,0,0,0,0,0,0,0,0,0,0,0,0,0,0,0,0,0,0,0,0,0,0,0,0,0,0,0,0,0,0,0,0,0,0,0
TCGA-DH-A7UT,0,531,G3,0,1,1,0,1,1,1,1,1,1,1,0,0,-1,-1,-1,0,0,0,0,0,0,0,0,0,0,0,0,0,0,0,0,0,0,0,0,0,0,0,1,0,0,0,0,0,0,0,0,-0.555,0,0,0,0,0,0.551,0.551,0.533,0.533,0,0,0,0,-0.688,0.558,0,0,0,0,-0.294,0,0,0,0,0.12,-0.108,0,0,0,0,0
TCGA-DH-A7UV,1,566,G3,0,1,1,0,0,1,1,1,1,1,1,0,0,0,0,0,0,0,0,0,0,0,0,0,0,0,0,0,0,0,0,0,0,0,0,0,0,0,0,1,0,0,0,0,0,0,0,0,0,0,0,0,0,0,0.317,0.317,0,0,0,0,0.531,0,0,0,0,0,0,0,0,0,0,0,0,0,0,0,0,0,0,0
TCGA-DU-5847,1,548,G3,0,0,0,0,0,0,0,0,0,0,0,0,0,0,0,0,-2,-2,-1,-1,-1,-1,-1,-1,-1,-1,0,0,0,0,-1,-1,0,-1,-1,-1,-1,-1,-1,0,-1,0,-1,0,0,0,0,0,0,0,0,0,0,-0.624,0,0,0,0,-0.632,0,-0.68,-0.68,0,0,0,0,-0.669,-0.682,0,0,-0.667,0,0,0,0,0,0,0,0,-0.688
TCGA-DU-5849,1,443,G2,1,1,0,0,0,1,1,1,1,1,1,0,0,0,0,0,0,0,0,0,0,0,0,0,0,0,0,0,-1,-1,0,0,0,0,0,0,0,0,0,0,0,0,0,-0.648,0,0,0,0,0,0,0,0,0,0,0,0.826,0,0,0,0,0,0,0,0,0,0,0,0,0,0,0,0,0,0.431,-0.016,0,0,0,0,0
TCGA-DU-5851,1,531,G3,0,1,0,0,0,0,0,0,0,0,0,0,0,0,0,0,-1,-1,0,-1,-1,-1,-1,0,-1,-1,0,0,0,0,0,0,0,0,0,0,0,0,0,0,-1,0,0,0,0,0,0,0,0,0,0,0,0,0,0,0,0,0,-0.381,0,0,0,0,0,0,0,0,0,0,0,0,0,0,0,0,0,0,0,0,0
TCGA-DU-5852,0,205,G3,0,0,2,0,0,0,0,0,0,0,0,0,0,1,1,1,-2,-2,-1,-1,-1,-1,-1,-1,-1,-1,0,0,-1,0,-1,-1,1,0,0,0,0,0,0,0,-1,0,-1,0,0,0,0,0,0,0,0,0,0,0,0,0,0,0,0,0,-0.827,-0.827,0,0,0,0,0,-0.67,0.119,0,0,0,0,0,0,0,0.384,0.384,0,-0.802
TCGA-DU-5854,1,257,G3,0,0,2,0,0,1,1,1,1,1,1,0,0,0,0,0,-2,-2,-1,0,0,0,0,0,0,0,0,0,0,0,0,0,0,0,0,0,0,0,0,1,-1,1,-1,0,0,0,0,0,0,0,0,0,0,0,0.485,0.485,0,0,0,0,-0.504,-0.504,0,0,0,0,0,0,0,0,0,0,0,0,0,0.438,0.472,0.472,0,0
TCGA-DU-5870,1,5546,G2,1,1,0,0,0,0,0,0,0,0,0,0,0,0,0,0,0,0,0,0,0,0,0,0,0,0,0,0,-1,-1,0,0,0,0,0,0,0,0,0,0,0,0,0,0,0,0,0,0,0,0,0,0,0,0,0,0,0,0,0,0,0,0,0,0.653,0,0,0,0,0,0,0,0,0,0,-0.715,0,0,0,0,0
TCGA-DU-5872,1,532,G2,0,1,0,0,0,0,0,2,2,0,0,0,0,0,0,0,0,0,-1,-1,-1,-1,-1,-1,-1,-1,0,0,-1,0,0,0,0,-1,-1,-1,-1,-1,-1,0,0,0,0,0,0,0,0,0,0,0,0,0,0,-0.877,0,0,0,0,0,0,0,0,0,0,0,0,0,0,0,0,0,0,0,0,0,0,0,0,0,0
TCGA-DU-5874,1,461,G2,1,1,0,0,0,0,0,0,0,0,0,0,0,0,0,0,0,0,0,0,0,0,0,0,0,0,0,0,-1,-1,0,0,0,0,0,0,0,0,0,0,0,1,0,0,0,0,0,0,0,0,0,0,0,0,0,0,0,0,0,0,0,0,0,0,0,0,0,0,0,0,0,0,0,0,0,0.108,0,0,0,0
TCGA-DU-6392,1,6423,G3,0,0,1,1,0,1,1,1,1,1,1,1,1,0,0,0,0,0,0,0,0,0,0,0,0,0,0,0,0,0,-1,-1,0,0,0,0,0,0,0,-2,0,0,0,0.276,0,0,0,0,0,0,0,0,0,0,0.717,0.717,0,0,0,0,0,0,0.192,0.192,0,0,-0.196,0,0,0.189,0.189,0,0,0,0,0,0,0,0.188,0
TCGA-DU-6393,0,1585,G3,1,1,0,0,0,0,0,0,0,0,0,0,0,-1,-1,-1,0,0,0,0,0,0,0,0,0,0,0,0,-1,-1,0,0,0,0,0,0,0,0,0,0,0,1,0,0,0,0,0,0,0,0,0,0,0,0,0,0,0,0,0,0,0,0,0.703,0.703,0,0,0,0,-0.872,0,0,0,0,-0.704,-0.704,0.13,0,0,0.803,0.127
TCGA-DU-6394,0,682,G3,1,1,0,0,0,0,0,0,0,0,0,0,0,0,0,0,0,0,0,0,0,0,0,0,0,0,0,0,-1,-1,0,0,0,0,0,0,0,0,0,0,0,1,0,0,0,0,0,0,0,0,0,0,0,0,0,0,0,0,0,0,0,0,0,0,0,0,0,0,0,0,0,0,0,0,0,0.143,0,0,0,0
TCGA-DU-6395,0,1491,G2,0,1,1,0,0,1,1,1,1,1,1,0,0,0,0,0,-1,-1,0,0,0,0,0,0,0,0,0,0,0,0,0,0,0,0,0,0,0,0,0,1,-2,0,0,0,0,0,0,0,0,0,0,0,0,0,0.757,0.757,0,0,-0.502,0,0,0,0,0,1.134,1.134,0,0,0,0,0,0,0,0,0,0,0,0,0,0
TCGA-DU-6396,0,2286,G3,0,1,0,0,0,0,0,0,0,0,0,0,0,-1,-1,-1,0,0,-1,-1,-1,-1,-1,-1,-1,-1,0,0,-1,0,0,0,0,0,0,0,0,0,0,0,0,0,-1,-0.307,-0.307,-0.307,-0.308,-0.308,0,0,0,0,0,0,0,0,0,0,0,0,0.351,-0.25,-0.667,0,0,0,0,0,0,0,0,0,0,0,0,0,0,0,0,0
TCGA-DU-6400,0,37,G2,1,1,1,1,0,1,1,1,1,1,1,1,1,-1,-1,-1,0,0,0,0,0,0,0,0,0,0,0,0,-1,-1,-1,-1,-1,-1,-1,-1,-1,-1,-1,1,0,1,0,-0.691,0,0,0.116,0.116,-0.223,-0.223,0,0,-0.164,-0.164,0.122,0.122,0,0,0,0,0,0,0.121,0.121,0.12,0.12,-0.812,0,-0.326,0.121,0.121,-0.131,-0.131,0,0,0.18,0.135,0.135,0.128,0.155
TCGA-DU-6401,0,2660,G2,0,1,0,0,0,0,0,0,0,0,0,0,0,0,0,0,0,0,-1,0,0,0,0,0,0,0,-1,-1,0,0,0,0,0,0,0,0,-1,0,-1,0,0,0,-1,0,0,0,0,0,0,0,0,-0.325,0,0,0,0,0,0,0,0,0,0,0,0,0,-0.399,0,0,0,0,0,0,0,0,0,0,0,0,0,0
TCGA-DU-6402,0,214,G3,0,0,1,0,0,1,1,1,1,1,1,0,0,0,0,0,-2,-2,-1,0,0,0,0,0,0,0,0,0,-1,0,0,0,-1,0,0,0,0,0,0,1,-1,1,-1,0,0,0,0,0,0,0,0,0,0,0,0.569,0.569,0,0,-0.591,0,-0.609,-0.609,0,0,0,0,0,0,0,0,0,0,0,0,0,0,0,0,0,0
TCGA-DU-6403,0,354,G3,0,0,2,2,0,1,1,1,1,1,1,1,1,0,0,0,-1,-1,-1,-1,-1,-1,-1,0,-1,-1,0,0,0,0,0,0,0,0,0,0,0,0,0,1,-1,0,-1,0,0,0,0,0,0,0,0,0,0,0,0.541,0.541,0,0,-0.623,0,-0.613,-0.613,0,0,0,0,0,0,0,0,0,0,0,0,0,0,0,0,0,0
TCGA-DU-6404,0,4068,G3,0,0,1,0,0,1,1,1,1,1,1,0,0,0,0,0,0,0,0,0,0,0,0,0,0,0,0,0,0,0,0,0,0,0,0,0,0,0,0,1,0,0,0,0,0,0,0,0,0,0,0,0,0,0,0.514,0.514,0,0,0,0,0,0,0,0,0,0,0,0,0,0,0,0,0,0,0,0,0,0,0,0
TCGA-DU-6405,0,605,G3,0,0,2,0,0,1,1,1,1,1,1,0,0,0,0,0,-2,-2,-1,0,0,0,0,0,0,0,0,0,-1,0,0,0,0,-1,-1,-1,-1,-1,-1,0,0,0,-1,0,0,0,0,0,0,0,0,0,0,-0.759,0.793,0.793,0,0,0,0,-0.759,-0.759,0,0,0,0,0,0,0,0,0,0,0,0,0,0,0,0,0,0
TCGA-DU-6407,0,2875,G2,0,1,1,0,2,1,1,1,1,1,1,0,0,0,0,0,-2,-2,-2,0,0,0,0,0,0,0,0,0,0,0,-1,-1,-2,0,0,0,0,0,0,1,0,0,0,0,0,0,0,0,0,0,0,0,0,0,0.76,0.76,0.785,0.785,0,0,0,0,0,0,0,0,-0.131,0,0,0,0,0,0,-0.439,-0.439,0,0,0,0.782,0
TCGA-DU-6410,1,242,G3,1,1,1,0,0,1,1,1,1,1,1,0,0,0,0,0,0,0,0,0,0,0,0,0,0,0,0,0,-1,-1,0,0,0,0,0,0,0,0,0,1,0,0,0,0,0,0,0,0,-0.921,-0.921,0,0,0,0,0.845,0.845,0,0,0,0,0,0,0,0,0,0,0,0,0,0,0,0,0,0,0,0,0,0,0,0
TCGA-DU-7006,0,349,G3,0,0,1,0,-1,1,1,1,1,1,1,0,0,0,0,0,-2,-2,-1,0,0,0,0,0,0,0,0,0,-1,0,-1,-1,0,0,0,-1,-1,-1,-1,1,-1,0,-1,0,0,0,0,0,0,0,0,0,0,0,0.683,0.683,-0.133,-0.133,-0.659,0,-0.663,-0.663,-0.527,-0.527,0,0,-0.126,0,0,0,0,0,0,0,0,0,0,0,0,0
TCGA-DU-7007,0,1915,G2,0,1,0,0,0,0,0,0,0,0,0,0,0,-1,-1,-1,-1,-1,-1,-1,-1,-1,-1,-1,-1,-1,-1,-1,0,0,0,0,0,0,0,0,0,0,0,0,-1,0,0,0,0,0,0,-0.38,0,0,-0.377,-0.377,0,0,0,0,0,0,-0.283,-0.283,0,0,-0.794,0,3.657,3.274,0,-0.337,-0.329,0.315,0.315,0,0,0,0,0,0,0,0,0
TCGA-DU-7008,1,4752,G2,0,1,0,0,0,2,2,2,2,2,2,0,0,0,0,0,0,0,-1,0,0,0,0,0,0,0,0,0,0,0,-1,-1,0,0,0,0,0,0,0,0,0,0,-1,0,0,0,0,0,0,-0.451,0,0,0,0,0,0,0,0,0,0,0,-0.225,-0.168,0,0,0,-0.14,0,0,0,0,0,0,0,0,0,0,0,0,-0.104
TCGA-DU-7009,0,4695,G2,1,1,0,0,0,0,0,2,2,0,0,0,0,0,0,0,0,0,0,0,0,0,0,0,0,0,0,0,-1,-1,0,0,0,0,0,0,0,0,0,0,0,1,0,0,0,0,0,0,0,0,0,0,0,0,0,0,0,0,0,0,0,0,0,0,0,0,0,0,0,0,0,0,0,-0.533,-0.533,0.113,0,0,0,0
TCGA-DU-7010,0,456,G3,0,1,0,1,1,0,0,1,1,0,0,1,1,0,0,0,1,1,-1,-1,-1,-1,-1,-1,-1,-1,-1,-1,1,1,-1,-1,0,1,1,1,1,1,1,0,1,0,-1,0.69,-0.338,0,0,0,-0.222,-0.785,-0.332,-0.332,0,0,0,0,0,0,1.107,0.734,0,-0.22,-0.767,-0.409,-0.354,-0.354,-0.753,-0.364,0,0.268,0.268,-0.412,0,1.802,0.902,0,0,0,-0.759,0
TCGA-DU-7011,0,3200,G2,0,1,1,0,0,1,1,1,1,1,1,0,0,0,0,0,0,0,0,0,0,0,0,0,0,0,0,0,0,0,0,0,0,0,0,0,0,0,0,1,0,0,0,0,0,0,0,0,0,0,0,0,0,0,0.219,0.219,0,0,0,0,0,0,0,0,0,0,0,0,0,0,0,0,0,0,0,0,0,0,0,0
TCGA-DU-7012,0,199,G3,0,0,1,0,0,1,1,1,1,1,1,0,0,0,0,0,-2,-2,-1,-1,-1,-1,-1,-1,-1,-1,0,0,0,0,0,0,0,-1,-1,-1,-1,-1,-1,1,0,0,-1,0,0,0,0,0,0,0,0,0,0,-0.537,0.516,0.516,0,0,0,0,-0.535,-0.535,0,0,0,0,0,-0.535,0,0,-0.529,0,0,1.103,1.103,0,0,0,0,0
TCGA-DU-7014,0,3571,G2,-1,-1,1,0,1,1,1,1,1,1,1,0,0,0,0,0,-1,-1,-1,0,0,0,0,0,0,0,0,0,-1,-1,0,0,0,-1,-1,-1,-1,-1,-1,1,-1,0,-1,0,-0.216,0,0,-0.365,0,0,0,0,0,0,0.217,0.217,0.605,0.605,-0.215,-0.215,0.697,-0.114,-0.176,0,0,0,0,0,0.102,0,-0.448,0,0,-0.135,-0.135,0,0,0,0,0
TCGA-DU-7015,1,2761,G2,0,1,1,1,2,1,2,0,0,2,2,1,1,0,0,0,-1,-1,0,0,0,0,0,0,0,0,0,0,0,0,0,0,0,0,0,0,0,0,0,1,-2,1,0,0.458,0,0,0,0,0,0,0,0,0,0,0.747,0,0,0,-0.214,0,0,0,-0.177,0,0,0,0,0,0,0,0,0,0,0,0,0.173,0,0,0,0
TCGA-DU-7019,1,800,G3,0,1,0,0,0,0,0,0,0,0,0,0,0,0,0,0,-1,-1,0,1,1,1,1,-1,1,1,0,0,0,0,0,0,0,0,0,0,0,0,0,0,-1,1,0,0,0,0,0,0,0,0,0,0,0,0,0,0,0,0,-0.758,0,0.438,0,0,0,0,0,0,0.344,0,0,0,0,0,0,0,0.309,0,0,0,0
TCGA-DU-7290,0,315,G3,0,0,0,1,0,0,0,0,0,0,0,1,1,0,0,0,0,0,-1,-1,-1,-1,-1,-1,-1,-1,0,0,-1,1,-1,-1,0,0,0,0,0,0,0,0,0,0,-1,0.447,0,0,0,0,0,0,0,0,0,0,0,0,0,0,0,0,-0.662,-0.662,0,0,0,0,-0.667,-0.664,0,0,0,0,0,0,0,0,0,0,0,-0.654
TCGA-DU-7298,0,576,G3,0,1,0,0,0,0,0,0,0,0,0,0,0,0,0,0,-2,-2,-1,-2,-2,-2,-2,-2,-2,-2,0,0,0,0,0,-2,0,-1,-1,-1,-1,-1,-1,0,-2,1,-1,0,0,0,0,-0.447,0,0,0,0,0,-0.5,0,0,0,0,-0.223,0.205,-0.115,-0.115,0,0,0,0,0,0,0,0,0,0,0,0,0,0.352,0.374,0,0,-0.411
TCGA-DU-7299,0,1339,G3,0,1,0,0,0,0,0,0,0,0,0,0,0,0,0,0,0,0,0,0,0,0,0,0,0,0,0,0,0,0,-1,-1,0,0,0,0,0,0,0,0,0,0,0,0,0,0,0,0,0,-0.633,0,0,0,0,0,0,0,0,0,0,0.684,0,0,0,0,0,-0.107,0,0,0,0,0,0,0,0,0,0,0,0,0
TCGA-DU-7301,0,788,G2,0,1,0,0,0,1,1,2,1,1,1,0,0,0,0,0,-1,-1,-1,0,0,0,0,0,0,0,0,0,0,0,-1,-1,0,0,0,0,0,0,0,0,-1,0,0,0,0,0,0,0,0,0,0,0,0,0,0.825,0.825,0,0,-0.627,0,0,0,0,0,0,0,-0.85,0,0,0,0,0,0,0,0,0,0,0,0,0
TCGA-DU-7302,1,1834,G3,1,1,0,0,0,0,0,0,0,0,0,0,0,0,0,0,-1,-1,0,-1,-1,-1,-1,-1,-1,-1,0,0,-1,-1,0,0,0,0,0,0,0,0,0,0,0,0,0,0,0,0,0,0,0,-0.857,0,0,0,0,0,0,0,0,0,0,0,0,0,0,0,0,0,-0.868,0,0,0,0,0,0,0,0,0,0,0,0
TCGA-DU-7304,0,709,G3,0,1,0,1,1,0,0,0,0,0,0,1,1,0,0,0,-1,-1,0,0,0,0,0,0,0,0,0,0,0,0,0,0,0,0,0,0,0,0,0,-2,-1,0,0,0,0,0,0,0,0,0,0,0,0,0,0,0,0.616,0.616,-0.141,-0.141,0.899,0,0,0.778,0,0,0,0,0,0,0,0,0,0,0,0,0,0,0,0
TCGA-DU-7306,1,1277,G2,0,1,0,0,0,1,1,1,1,1,1,0,0,1,1,1,-1,-1,0,0,0,0,0,0,0,0,0,0,0,0,0,0,0,0,0,0,0,0,0,0,-1,1,0,0,0,0,0,0,0,0,-0.251,0,0,0,0,0.755,0,0,-0.558,0,0,0,1.732,1.732,0,0,0,0,0.52,0,0,0,0,0,0,0.593,0,0,0,0
TCGA-DU-8162,0,444,G3,0,0,2,1,0,0,0,0,0,0,0,1,1,0,0,0,-1,-1,-1,0,0,0,0,0,0,0,0,0,0,0,0,0,0,0,0,0,0,0,0,0,-1,0,0,0.148,0,0,0,0,0,0,0,0,0,0,0,0,0,0,-0.101,-0.101,0,0,0,0,0,0,0,0,0,0,0,0,0,0,0,0,0.2,0.2,0,0
TCGA-DU-8163,1,629,G3,0,1,1,0,1,1,1,1,1,1,1,0,0,0,0,0,0,0,0,0,0,0,0,0,0,0,0,0,0,0,0,0,0,0,0,0,0,0,0,1,0,0,0,0,0,0,0,0,0,0,0,0,0,0,0.546,0.546,0.113,0.113,0,0,0,0,0,0,0,0,0,0,0,0,0,0,0,0,0,0,0,0,0,0
TCGA-DU-8164,1,651,G2,1,1,0,0,0,0,0,0,0,0,0,0,0,0,0,0,0,0,0,0,0,0,0,0,0,0,0,0,-1,-1,0,0,0,0,0,0,0,0,0,0,0,2,0,0,0,0,0,0,0,0,0,0,0,0,0,0,0,0,0,0,0,0,0,0,0,0,0,0,0,0,0,0,0,0,0,0.12,0,0,0,0
TCGA-DU-8165,1,582,G3,0,0,1,1,-1,1,1,1,1,1,1,1,1,0,0,0,1,1,-1,-1,-1,-1,-1,-1,-1,-1,-1,-1,1,1,-1,-2,0,0,0,0,0,0,0,1,1,0,-1,0.605,0.195,0.195,0,0,-0.195,-0.195,-0.166,-0.166,0,0,0.394,0.394,-0.122,-0.122,0.378,0.378,-0.762,-0.762,-0.44,-0.44,0.159,0.159,-0.382,-0.733,0,-0.176,-0.176,-0.219,-0.219,0.684,0.684,0,0.627,0.627,-0.247,-0.515
TCGA-DU-8167,1,471,G2,0,1,0,0,2,0,0,0,0,0,0,0,0,0,0,0,0,0,-1,0,0,0,0,0,0,0,0,0,-1,-1,-1,-1,0,0,0,0,0,0,0,0,0,0,-1,0,0,0,0,-0.368,0,0,0,0,0,0,0,0,0.68,0.68,0,0,-0.407,-0.407,0,0,0,-0.417,-0.339,0,0,0,-0.417,0,0,0,0,0,0,0,-0.173,-0.136
TCGA-DU-8168,1,431,G3,1,1,0,0,0,0,0,0,0,0,0,0,0,0,0,0,-1,-1,0,0,0,0,0,0,0,0,0,0,-1,-1,-1,-1,0,0,0,0,0,0,0,0,-1,0,0,0,0,0,0,0,-0.104,-0.53,0,0,0,0,0,0,0,0,-0.974,-0.81,0,0,0.449,0,0,0,-0.103,0,0,0,0,0,0,0,0,0,0,0,0,0
TCGA-EZ-7264,1,1201,G2,1,1,0,0,0,0,0,0,0,0,0,0,0,0,0,0,-1,-1,0,-1,-1,-1,-1,-1,-1,-1,0,0,-1,-1,0,0,0,0,0,0,0,0,0,0,-1,0,0,0,0,0,0,0,0,-0.73,0,0,0,0,0,0,0,0,-0.721,-0.721,0,0,0,0,0,0,0,-0.735,0,0,0,0,0,0,0,0,0,0,0,0
TCGA-F6-A8O3,1,7,G2,1,1,0,0,0,0,0,0,0,0,0,0,0,0,0,0,0,0,0,0,0,0,0,0,0,0,0,0,-1,-1,0,0,0,0,0,0,0,0,0,0,0,0,0,0,0,0,0,0,-0.872,-0.872,0,0,0,0,0,0,0,0,0,0,0,0,0,0,0,0,0,0,0,0,0,0,0,0,0,0,0,0,0,0
TCGA-FG-5962,1,1453,G3,1,1,1,1,1,1,1,1,1,1,1,1,1,0,0,0,0,0,0,0,0,0,0,0,0,0,0,0,-1,-1,-1,-1,0,0,0,0,0,0,0,1,0,1,0,-0.399,0,0,0.274,0.274,-0.469,-0.469,0,0,0,0,0.251,0.251,0.268,0.268,0,0,0,0,0.235,0.235,0,0,-0.572,0,0,0.231,0.231,0.223,0.223,0,0,0.216,0.196,0.196,0.26,0.218
TCGA-FG-5963,0,775,G3,0,0,2,0,0,0,0,0,0,0,0,0,0,0,0,0,-2,-2,0,-1,-1,-1,-1,-1,-1,-1,-1,-1,0,0,-1,-1,-1,-1,-1,-1,-1,-1,-1,0,-1,0,0,0,0,0,0,0,0,-0.318,0,0,-0.337,-0.337,0,0,0,0,-0.356,0,0,0,0,0,0,0,-0.299,0,0,0,0,0,0,0,0,0,0,0,0,0
TCGA-FG-5964,1,1588,G2,1,1,0,0,2,0,0,0,0,0,0,0,0,0,0,0,-1,-1,0,0,0,0,0,0,0,0,0,0,-1,-1,-1,-1,0,0,0,0,0,0,0,0,-1,0,0,0,0,0,0,0,-0.56,-0.56,0,0,0,0,0,0,0,0,0,0,0,0,0,0,0,0,-0.557,0,0,0,0,0,0,0,0,0,0,0,0,0
TCGA-FG-6688,1,571,G3,0,0,2,2,0,1,1,1,1,1,1,0,0,0,0,0,0,0,-1,0,0,0,0,0,0,0,0,0,0,0,-1,-1,0,0,0,0,0,0,0,2,0,0,-2,0,0,0,0,0,0,0,0,0,0,0,0.394,0.394,0,0,0,0,-0.359,-0.359,0,0,0,0,0,0,0,0,0,0,0,0,0,0,0,0,0,0
TCGA-FG-6689,1,454,G2,0,1,0,0,0,0,0,0,0,0,0,0,0,0,0,0,0,0,0,0,0,0,0,0,0,0,0,0,0,0,-1,-1,0,0,0,0,0,0,0,0,0,0,0,0,0,0,0,0,0,0,-0.348,0,0,0,0,0,0,0,0,0,0,0,-0.356,0,0,-0.572,-0.143,0,0,0,0,0,0,0,0,0,0,0,0,0
TCGA-FG-6690,1,1294,G2,0,1,0,0,0,1,1,1,1,1,1,0,0,0,0,0,-1,-1,0,0,0,0,0,0,0,0,0,0,0,0,0,0,-2,0,0,0,0,0,0,0,-1,0,0,0,0,0,0,0,0,0,0,0,0,0,0,0.469,0,0,-0.133,0,0,0,0,0,-0.105,-0.105,0,0,0,0,0,0,0,0,0,0,0,0,0,0
TCGA-FG-6691,1,1257,G2,0,1,1,0,1,1,1,1,1,1,1,0,0,0,0,0,0,0,0,0,0,0,0,0,0,0,0,0,0,0,0,0,0,0,0,0,0,0,0,1,0,0,0,0,0,0,0,0,0,0,0,0,0,0,0.688,0.688,0,0.554,0,0,0,0,0,0,0,0,0,0,0,0,0,0,0,0,0,0,0,0,0,0
TCGA-FG-6692,0,561,G3,0,0,2,1,0,1,1,1,1,1,1,0,0,0,0,0,-1,-1,-1,0,-1,0,0,0,0,-1,0,0,-1,0,-1,-1,0,0,0,0,0,0,0,1,-1,1,-1,0,0,0,0,0,0,0,0,0,0,0,0.775,0.775,0,0,-0.78,0,-0.806,-0.806,0,0,0,0,-0.238,0,0,0,0,0,0,0,0,0.625,0,0,0,0
TCGA-FG-7634,1,467,G2,1,1,1,0,1,1,1,1,1,1,1,0,0,-1,-1,-1,0,0,0,0,0,0,0,0,0,0,0,0,-1,-1,0,0,0,0,0,0,0,0,0,1,0,0,0,0,0,0,0,0,0,0,0,0,0,0,0.384,0.384,0.375,0.375,0,0,0,0,0.383,0.383,0.381,0.381,0,0,-0.376,0,0,0.414,0.414,0,0,0,0.393,0.393,0.398,0
TCGA-FG-7636,1,544,G3,0,1,0,0,0,0,0,0,0,0,0,0,0,-1,-1,-1,-1,-1,0,0,0,0,0,0,0,0,0,0,0,0,0,0,2,-1,-1,-1,-1,-1,-1,0,-1,0,0,0,0,0,0,0,-0.178,-0.178,0,0,0,-0.402,0,0,0,0,-0.49,0,0,0,0,0,0,0,0,0,-0.127,0,0,0,0,0,0,0,0,0,-0.185,0
TCGA-FG-7641,1,627,G2,1,1,0,0,0,0,0,0,0,0,0,0,0,0,0,0,0,0,0,0,0,0,0,0,0,0,0,0,-1,-1,-1,-1,0,0,0,0,0,0,0,0,0,0,0,0,0,0,0,0,0,0,0,0,0,0,0,0,0,0,0,0,0,0,0,0,0,0,-0.549,0,0,0,0,0,0,0,0,0,0,0,0,0
TCGA-FG-7643,1,611,G2,0,0,1,0,0,1,1,1,1,1,1,0,0,0,0,0,0,0,-1,-1,-1,-1,-1,-1,-1,-1,0,0,0,0,0,0,0,0,0,0,0,0,0,1,0,1,-1,0,0,0,0,0,0,0,0,0,0,0,0.277,0.277,0,0,0,0,-0.271,-0.271,0,0,0,0,0,-0.271,0,0,0,0,0,0,0,0.218,0,0,0,-0.201
TCGA-FG-8181,1,862,G3,0,0,0,0,0,0,0,0,0,0,0,0,0,0,0,0,0,0,0,0,0,0,0,0,0,0,0,0,0,0,0,0,0,0,0,0,0,0,0,0,0,0,0,0,0,0,0,0,0,0,0,0,0,0,0,0,0,0,0,0,0,0,0,0,0,0,0,0,0,0,0,0,0,0,0,0,0,0,0,0
TCGA-FG-8182,1,416,G2,0,1,1,0,0,2,2,1,2,2,2,0,0,0,0,0,0,0,0,0,0,0,0,0,0,0,0,0,0,0,0,0,0,0,0,0,0,0,0,1,0,0,0,0,0,0,0,0,0,0,0,0,0,0,0.145,0.145,0,0,0,0,0,0,0,0,0.322,0,0,0,0,0,0,0,0,0,0,0,0,0,0,0
TCGA-FG-8186,1,487,G3,1,1,0,0,0,1,1,1,1,1,1,0,0,0,0,0,0,0,0,0,0,0,0,0,0,0,0,0,-1,-1,0,0,0,0,0,0,0,0,0,0,0,1,0,0,0,0,0,0,0,0,0,0,0,0,0,1.444,0,0,0,0,0,0,0,0,0,0,0,0,0,0,0,0,0,0,0,0.102,0,0,0,0
TCGA-FG-8191,1,992,G3,0,1,0,0,0,0,0,0,0,0,0,0,0,0,0,0,0,0,0,-1,-1,-1,-1,-1,-1,-1,0,0,0,0,0,0,0,-1,-1,-1,-1,-1,-1,0,0,0,0,0,0,0,0,0,0,0,0,0,-0.682,-0.682,0,0,0,0,0,0,0,0,0,0,0.143,0,0,-0.104,0,0,0,0,0,0,0,0,0,0,0,0
TCGA-FG-A4MU,1,326,G3,0,0,2,0,0,1,1,1,1,1,1,0,0,0,0,0,-1,-1,-1,0,0,0,0,0,0,0,0,0,0,0,0,0,0,0,0,0,0,0,0,1,0,1,-1,0,0,0,0,0,0,0,0,0,0,0,0.813,0.813,0,0,0,0,-0.836,-0.836,0,0,0,0,0,0,0,0,0,0,0,0,0,0.66,0.769,0.769,0,0
TCGA-FG-A4MY,1,721,G2,0,1,0,0,2,0,0,0,0,0,0,0,0,1,1,1,-1,-1,0,-1,-1,-1,-1,-1,-1,-1,0,0,0,0,-1,-1,0,0,0,0,0,0,0,0,-1,0,0,0,0,0,0,0,0,0,0,0,0,0,0,0,0.895,0.895,0,0.671,0.317,0,0,0,0,0,0,0,0,0,0,-0.14,-0.14,0,0,0,0,0,0,-0.753
TCGA-FG-A6IZ,1,457,G2,1,1,0,0,0,0,0,0,0,0,0,0,0,0,0,0,0,0,0,0,0,0,0,0,0,0,0,0,-1,-1,-1,-1,0,0,0,0,0,0,0,0,0,0,0,0,0,0,0,0,-0.436,-0.436,0,0,0,0,0,0,0,0,0,0,0,0,0,0,0,0,-1.002,0,0,0,0,0,0,0,0,0,0,0,0,0
TCGA-FG-A6J1,1,500,G2,1,1,0,0,0,0,0,0,0,0,0,0,0,0,0,0,0,0,0,0,0,0,0,0,0,0,0,0,-1,-1,0,0,0,0,0,0,0,0,0,0,0,0,0,0,0,0,0,0,-0.477,-0.477,0,0,0,0,0,0,0,0,0,0,0,0,0,0,0,0,0,0,0,0,0,0,0,0,0,0,0,0,0,0
TCGA-FG-A70Y,1,868,G2,0,1,0,0,2,0,0,0,0,0,0,0,0,0,0,0,-2,-2,0,0,0,0,0,0,0,0,0,0,0,0,-2,-2,-2,0,0,0,0,0,0,0,0,1,0,0,0,0,0,0,0,0,0,0,0,0,0,0,0,0,0,0,0.642,0,0,0,0,0,0,0,0,0,0,0,0,0,0,0,0,0,0,0
TCGA-HT-7474,1,114,G2,0,1,0,0,0,0,0,0,0,0,0,0,0,0,0,0,1,1,0,0,0,0,0,0,0,0,0,0,0,0,0,0,0,0,0,0,0,0,0,0,1,0,0,0,0,0,0,0,0,0,-0.571,0,0,0,0,0,0,0,0.568,0,0,0,0.2,0.2,0,-0.155,0,0,0,0,0,0,0,0,0,0,0.497,0,0,0
TCGA-HT-7476,1,199,G2,0,1,0,0,1,0,0,0,0,0,0,0,0,0,0,0,-2,-2,-1,0,0,0,0,0,0,0,0,0,0,0,-1,-1,0,0,0,0,0,0,0,0,-1,0,-1,0,0,0,0,0,0,0,0,0,0,0,0,0,0.666,0.666,0,0,0.511,0.232,0,0,0,0,-0.262,0,0,0,0,0,0,-0.156,-0.156,0,0,0,0,0
TCGA-HT-7477,1,738,G3,0,1,1,-1,2,1,1,1,1,1,1,1,1,-1,-1,-1,-2,-2,0,-1,-1,-1,-1,-1,-1,-1,-1,-1,-1,0,-1,-1,0,0,0,0,0,0,0,-1,-1,0,0,-0.324,-0.6,-0.297,-0.742,-0.742,1.091,0.149,0.163,-0.243,0,0,0.143,0.143,2.335,2.335,0,-0.132,0,0,-0.182,-0.182,0,0,-0.475,0.206,0.246,-0.397,0,0.197,0.197,-0.23,-0.345,0,0.196,0.196,0,-0.891
TCGA-HT-7483,1,5255,G2,0,1,0,0,0,0,0,0,0,0,0,0,0,0,0,0,0,0,-1,0,0,0,0,0,0,0,0,0,0,0,-1,-1,0,0,0,0,0,0,0,0,0,0,0,0,0,0,0,0,0,0,0,0,0,0,0,0,0,0,0.624,0.624,1.281,-0.792,0,0,0,0,0,0,0,0,0,0,0,0,0,0,0,0,0,0
TCGA-HT-7485,1,122,G2,0,1,0,0,0,0,0,0,0,0,0,0,0,-2,0,-2,0,0,-2,0,0,0,0,0,0,0,0,0,0,0,0,0,0,0,0,0,0,0,0,0,0,0,0,0,0,0,0,0,0,0,0,0,0,0,0,0,0,0,0,0,0,0,0,0,0,0,0,0,0,0,0,0,0,0,0,0,0,0,0,0
TCGA-HT-7604,1,3725,G2,0,1,0,0,1,1,1,1,1,1,1,0,0,0,0,0,0,0,0,0,0,0,0,0,0,0,0,0,0,0,-1,-1,0,0,0,0,0,0,0,1,0,0,0,0,0,0,0,0,0,0,0,0,0,0,0,0.805,0,0,0,0,0,0,0,0.151,1.809,0,-0.133,0,0,0,0,0,0,0,0,0,0,0,0,0
TCGA-HT-7676,1,5,G2,0,1,0,0,2,0,0,0,0,0,0,0,0,0,0,0,0,0,0,0,0,0,0,0,0,0,0,0,0,0,0,0,0,0,0,0,0,0,0,0,0,0,0,0,0,0,0,0,0,0,0,0,0,0,0,0,0,0,0,0,0,0,0,0,0,0,0,0,0,0,0,0,0,0,0,0,0,0,0,0
TCGA-HT-7692,1,90,G2,1,1,0,0,0,0,0,0,0,0,0,0,0,0,0,0,-1,-1,0,0,0,0,0,0,0,0,0,0,-1,-1,-1,-1,-1,-1,-1,-1,-1,-1,-1,0,-1,0,0,0,-0.387,-0.387,0,0,-0.449,-0.449,0,0,-0.401,-0.401,0,0,0,0,-0.368,-0.368,0,0,0,0,0,0,-0.432,0,0,0,0,0,0,-0.893,-0.893,0,0,0,0,0
TCGA-HT-7693,1,533,G2,0,1,0,0,0,1,1,1,1,1,1,0,0,0,0,0,0,0,-1,0,0,0,0,0,0,0,0,0,0,0,0,0,0,0,0,0,0,0,0,0,0,0,0,0,0,0,0,0,0,0,0,0,0,0,0,0.899,0,0,0,0,0,0,-0.074,0.814,0,0,0,0,0,0,0,0,0,0,0,0,-0.811,0.021,0,0
TCGA-HT-7855,1,585,G3,0,1,0,0,1,0,0,0,0,0,0,0,0,0,0,0,-2,-2,0,0,0,0,0,0,0,0,0,0,0,0,0,0,-1,-1,-1,-1,-1,-1,-1,0,-2,0,0,0,0,0,0,0,0,0,0,0,-0.126,-0.126,0,0,0.323,0.323,0,0,0,0,0,0,0,0,0,0,0,0,0,0,0,0,0,0,0,0,0,0
TCGA-HT-7857,1,7,G3,0,0,0,-1,0,0,0,0,0,0,0,-1,-1,0,0,0,-2,-2,-1,0,0,0,0,0,0,0,0,0,-1,-1,-1,-1,0,0,0,0,0,0,0,0,0,-1,-1,-0.121,0,0,0,0,0.546,0.546,0,0,0,0,0,0,0,0,0,0,-0.142,-0.142,0,0,0,0,-0.161,0,0,0,0,0,0,-0.239,-0.239,-0.141,0,0,-0.498,0
TCGA-HT-7873,1,718,G2,0,1,0,0,1,0,0,0,0,0,0,0,0,0,0,0,0,0,-1,0,0,0,0,0,0,0,0,0,0,0,-1,-1,-1,0,0,0,0,0,0,0,0,-1,2,0,0,0,0,0,0,0,0,0,0,0,0,0,0,0,0,0,0,0,-0.806,0,0.763,0.763,0,0,0,0,0,0,0,0,0,0.585,0,0,0,0
TCGA-HT-7884,1,343,G2,0,1,0,0,0,1,1,1,1,1,1,0,0,0,0,0,0,0,0,0,0,0,0,0,0,0,-1,-1,0,0,0,0,-2,-2,-2,-2,-2,-2,-2,0,0,0,0,0,0,0,0,0,0,0,-0.111,-0.111,0,0,0.152,0.152,0,0,0,0,0,0,0,0,0.269,-0.104,0,0,0,0,0,0,0,0,0,0,0,0,0,0
TCGA-HT-8010,1,50,G2,1,1,0,0,0,0,0,0,0,0,0,0,0,0,0,0,0,0,0,0,0,0,0,0,0,0,0,0,-1,-1,0,0,0,0,0,0,0,0,0,0,0,0,0,0,0,0,0,0,0,0,0,0,0,0,0,0,0,0,0,0,0,0,0,0,0,0,0,0,0,0,0,0,0,0,0,0,0,0,0,0
TCGA-HT-8011,1,494,G3,0,0,1,2,1,1,1,1,1,1,1,0,0,0,0,0,-2,-2,-1,0,0,0,0,0,0,0,0,0,0,0,0,0,0,0,0,0,0,0,0,1,0,0,-1,0,0,0,0,0,0,0,0,0,0,0,1.358,1.358,0.585,0.585,0,0,-0.811,-0.811,0,0,0,0,0,0,0,0,0,0,0,0,0,0,0,0,0,0
TCGA-HT-8012,1,286,G2,1,1,0,0,0,0,0,0,0,0,0,0,0,-1,-1,-1,0,0,0,0,0,0,0,0,0,0,0,0,-1,-1,0,0,0,0,0,0,0,0,0,0,0,1,0,0,0,0,0,0,0,0,0,0,0,0,0,0,0,0,0,0,0,0,0,0,0,0,0,0,-0.755,0,0,0,0,0,0,0.131,0,0,0,0.112
TCGA-HT-8013,0,1933,G2,0,1,1,0,1,1,1,1,1,1,1,0,0,0,0,0,0,0,0,0,0,0,0,0,0,0,0,0,0,0,0,0,0,0,0,0,0,0,0,1,0,0,0,0,0,0,0,0,0,0,0,0,0,0,0.74,0.74,0.733,0.733,0,0,0,0,-0.166,0,0,0,0,0,0,0,0,0,0,0,0,0,0,0,0,0
TCGA-HT-8018,0,1152,G2,0,1,0,0,0,0,0,0,0,0,0,0,0,0,0,0,0,0,0,0,0,0,0,0,0,0,-1,-1,0,0,0,0,0,0,0,0,0,0,0,0,0,0,0,0,0,0,0,0,0,0,0,0,0,0,0,0,0,0,0,0,0,0,-0.101,-0.101,0.126,-0.228,0,0,0,0,0,0,0,0,0,0,0,0,0,0
TCGA-HT-8104,1,372,G3,0,0,2,2,0,1,1,1,1,1,1,0,0,0,0,0,-2,-2,-1,0,0,0,0,0,0,0,0,0,-1,0,0,0,0,0,0,0,0,0,0,1,-1,1,-1,0,0,0,0,0,0,0,0,0,0,0,0.606,0.606,0,0,-0.634,0,-0.697,-0.697,0,0,0,0,0,0,0,0,0,0,0,0,0,0.496,0.398,0.398,0,0
TCGA-HT-8105,1,190,G3,1,1,0,0,0,0,0,0,0,0,0,0,0,0,0,0,0,0,0,0,0,0,0,0,0,0,0,0,-1,-1,0,0,0,0,0,0,0,0,0,0,0,0,0,0,0,0,0,0,-0.124,-0.124,0,0,0,0,0,0,0,0,0,0,0,0,0,0,0,0,0,0,0,0,0,0,0,0,0,0,0,0,0,0
TCGA-HT-8106,1,3,G3,0,1,0,0,1,0,0,0,0,0,0,0,0,0,0,0,0,0,0,0,0,0,0,0,0,0,-1,-1,0,0,-1,-1,0,0,0,0,0,0,0,0,0,0,0,0,0,0,0,0,0,0,-0.163,-0.163,0,0,0,0,0.108,0.108,0,0,0.165,0,0,0,-0.137,-0.137,-0.12,0,0,0,0,-0.142,-0.142,0,0,0,0,0,-0.276,0
TCGA-HT-8107,1,14,G2,0,0,0,0,0,0,0,0,0,0,0,0,0,0,0,0,0,0,0,0,0,0,0,0,0,0,0,0,0,0,0,0,0,0,0,0,0,0,0,0,0,0,0,0,0,0,0,0,0,0,0,0,0,0,0,0,0,0,0,0,0,0,0,0,0,0,0,0,0,0,0,0,0,0,0,0,0,0,0,0
TCGA-HT-8108,1,76,G2,0,1,0,0,0,1,1,1,1,1,1,2,2,1,1,1,-1,-1,-1,0,0,0,0,0,0,0,0,0,0,0,0,0,0,-1,-1,0,0,0,0,0,-1,0,-1,0,0,0,0,0,0,0,0,0,0,0,0,0.823,0,0,-0.544,0,0,0,0,0,-0.176,-0.176,0,0,0,0,0,0,0,0,0,0,0,0,0,0
TCGA-HT-8109,1,169,G3,1,1,0,0,0,0,0,0,0,0,0,0,0,0,0,0,0,0,0,0,0,0,0,0,0,0,0,0,-1,-1,0,0,0,0,0,0,0,0,0,0,0,0,0,0,0,0,0,0,0,0,0,0,0,0,0,0,0,0,0,0,0,0,0.152,0.152,0,0,0,0,0,0,0,0,0,0,0,0,0,0,0,0
TCGA-HT-A5R5,1,4,G2,0,1,1,0,0,1,1,1,1,1,1,0,0,0,0,0,0,0,0,0,0,0,0,0,0,0,0,0,0,0,0,0,0,0,0,0,0,0,0,1,0,0,0,0,0,0,0,0,0,0,0,0,0,0,0.266,0.827,0,0,0,0,0,0,0,0,0,0,0,0,0,0,0,0,0,0,0,0,0,0,0,0
TCGA-HT-A5R7,1,615,G3,0,1,0,1,1,-1,-1,1,-1,-1,-1,1,1,0,0,0,0,0,-1,0,0,0,0,0,0,0,-1,-1,0,0,-1,-1,0,0,0,0,0,0,0,0,0,0,-1,0,-0.124,0,0,0,3.657,3.421,0,0,0,0,0,0,0.103,0.103,0,0,0,-0.26,-0.357,-0.357,-0.25,-0.25,0.424,0,0,0.132,0.132,0,0,0,0,0,0,0,0,0
TCGA-HT-A5R9,1,2,G3,1,1,1,0,0,1,1,1,1,1,1,0,0,0,0,0,0,0,0,0,0,0,0,0,0,0,0,0,-1,-1,0,0,0,0,0,0,0,0,0,1,0,0,0,0,0,0,0,0,-0.806,-0.806,0,0,0,0,0.901,0.901,0,0,0,0,0,0,0,0,0,0,0,0,0,0,0,0,0,0,0,0,0,0,0,0
TCGA-HT-A5RB,1,3,G2,0,1,0,0,0,0,0,0,0,0,0,0,0,0,0,0,-1,-1,0,0,0,0,0,0,0,0,0,0,0,0,0,0,0,-1,-1,-1,-1,-1,-1,0,-1,0,0,0,0,0,0,0,0,0,0,0,0,-0.805,0,0,0,0,-0.21,-0.21,0,0,0,0,0,0,0,0,0,0,0,0,0,-0.147,-0.147,0,0,0,0,0
TCGA-HT-A5RC,0,162,G3,0,0,2,0,0,1,1,1,1,1,1,0,0,0,0,0,-2,-2,-1,0,0,0,0,0,0,0,0,0,0,0,0,0,0,0,-1,0,0,0,0,1,0,1,-1,0,0,0,0,0,0,0,0,0,0,0,0.766,0.766,0,0,0,0,-0.764,-0.764,0,0,0,0,0,0,0,0,0,0,0,0,0,0.653,0.748,0.748,0,0
TCGA-HT-A616,1,55,G2,0,1,0,0,2,1,1,1,1,1,1,0,0,0,0,0,0,0,0,0,0,0,0,0,0,0,0,0,0,0,0,0,0,0,0,0,0,0,0,0,0,0,0,0,0,0,0,0,0,0,0,0,0,0,0,0.677,0,0,0,0,0,0,-0.539,0,0,0,0,0,0,0,0.464,0,0,-0.274,0,0,0,0,0,0
TCGA-HT-A618,1,512,G3,0,1,0,0,0,-1,-1,0,-1,-1,-1,0,0,-1,-1,-1,0,0,0,-1,-1,-1,-1,-1,-1,-1,-1,-1,0,0,0,0,0,0,0,0,0,0,0,0,-1,-1,0,0,0,-0.118,0,0,0,0,0,-0.31,0,0,0,0,0,0,0,0,0,0,-0.719,0,0,-0.706,0,-0.368,-0.355,0.123,0.123,0,0,0,0,0,0,-0.323,0,-0.277
TCGA-HT-A74O,1,3,G3,0,1,0,0,1,1,1,1,1,1,1,0,0,0,0,0,0,0,0,0,0,0,0,0,0,0,0,0,0,0,-1,-1,0,0,0,0,0,0,0,0,0,0,0,0,0,0,0,0,0,0,0,0,0,0,0,0.884,0,0,0,0,0.807,0,0,0,0,0,0,0,0,0,0,0,0,0,0,0,0,0,0,0
TCGA-HW-7487,1,1382,G2,1,1,0,0,0,0,0,0,0,0,0,0,0,0,0,0,0,0,0,0,0,0,0,0,0,0,0,0,-1,-1,0,0,0,0,0,0,0,0,0,0,0,0,0,0,0,0,0,0,-0.306,-0.306,0,0,0,0,0,0,0,0,0,0,0,0,0,0,0,0,0,0,0,0,0,0,0,0,0,0,0,0,0,0
TCGA-HW-7489,0,1262,G2,0,1,0,0,0,0,0,0,0,0,0,0,0,0,0,0,0,0,0,-1,-1,-1,-1,-1,-1,-1,-2,-2,0,0,-1,-1,0,0,0,0,0,0,0,0,0,0,0,0,0,0,0,0,0,0,0,0,0,0,0,0,0,0,0,0,0,0,0,0,0,0,-0.111,-0.157,0,0,0,0,0,0.011,0.011,0,0,0,0,0
TCGA-HW-7490,1,1387,G2,0,1,0,0,0,0,0,0,0,0,0,0,0,0,0,0,-1,-1,0,0,0,0,0,0,0,0,0,0,0,0,0,0,-1,0,0,0,0,0,0,0,-1,0,0,0,0,0,0,0,0,0,0,0,0,0,0,0,0,0,-0.274,0,0,0,0,0.842,0,0,0,0,0,0,0,0,0,0,0,0,0,0,-0.842,0
TCGA-HW-7491,1,2078,G2,1,1,0,0,0,0,0,0,0,0,0,0,0,0,0,0,0,0,0,0,0,0,0,0,0,0,0,0,-1,-1,-1,-1,0,0,0,0,0,0,0,0,0,0,0,0,0,0,0,0,-0.852,-0.852,0,0,0,0,0,0,0,0,0,0,0,0,0,0,0,0,-0.868,0,0,0,0,0,0,-0.865,-0.865,0,0,0,0,0
TCGA-HW-7493,1,2107,G2,-1,-1,0,0,0,0,0,0,0,0,0,0,0,0,0,0,0,0,0,0,0,0,0,0,0,0,0,0,0,0,0,0,-2,0,0,0,0,0,0,0,0,0,0,0,-0.107,-0.107,0,0,0,-0.105,0,0,0,0,0,0,0,0,0,0,0.717,0,0,0,0,0,0,0,0,0,0,0,0,0,0,0,0,0,0,0
TCGA-HW-7495,1,1078,G2,1,1,0,0,0,1,1,1,1,1,1,0,0,0,0,0,0,0,0,0,0,0,0,0,0,0,0,0,-1,-1,0,0,0,0,0,0,0,0,0,0,0,1,0,0,0,0,0,0,0,0,0,0,0,0,0,0.516,0,0,0,0,0,0,0,0,0,0,0,0,0,0,0,0,0,0,0,0.104,0,0,0,0
TCGA-HW-8321,1,1294,G3,0,1,0,0,0,0,0,0,0,0,0,0,0,0,0,0,0,0,-1,0,0,0,0,0,0,0,0,0,0,0,0,0,0,0,0,0,0,0,0,0,0,0,-1,0,0,0,0,0,0,0,0,0,0,0,0,0,0,0,0,0,0,-0.165,0,0,0,0,0,0,0,0,0,0,0,0,0,0,0,0,0,0
TCGA-HW-8322,1,758,G2,1,1,0,0,0,1,1,1,1,1,1,0,0,0,0,0,-1,-1,0,0,0,0,0,0,0,0,0,0,-1,-1,0,0,-1,0,0,0,0,0,0,0,-1,1,0,0,0,0,0,0,0,0,0,0,0,0,0,0.752,0,0,-0.622,0,0,0,0,0,0,0,0,0,0,0,0,0,0,0,0,0,0,0,0,0
TCGA-HW-A5KK,0,388,G3,0,0,2,0,0,0,0,0,0,0,0,0,0,0,0,0,-2,-2,-1,-1,-1,-1,-1,-1,-1,-1,0,0,0,0,0,0,0,-1,-1,-1,-1,-1,-1,1,0,0,-1,0,0,0,0,0,0,0,0,0,0,-0.29,0,0,0,0,0,0,-0.29,-0.29,0,0,0,0,0,-0.289,0,0,0,0,0,-0.295,0,0,0.291,0.291,0,-0.288
TCGA-HW-A5KL,1,878,G2,0,1,-1,0,0,0,0,0,0,0,0,0,0,0,0,0,0,0,0,0,0,0,0,0,0,0,0,0,0,0,0,0,0,0,0,0,0,0,0,-1,0,0,0,0,0,0,0,0,0,0,0,0,0,0,-0.123,0,0,0,0,0,0,0,0,0,0,0,0,0,0,0,0,0,0,0,0,0,0,0,0,0
TCGA-KT-A7W1,1,438,G3,0,0,2,0,0,1,1,1,1,1,1,0,0,0,0,0,-2,-2,-1,0,0,0,0,0,0,0,0,0,0,0,0,0,0,0,0,0,0,0,0,1,0,1,-1,0,0,0,0,0,0,0,0,0,0,0,0.806,0.806,0,0,0,0,-0.844,-0.844,0,0,0,0,0,0,0,0,0,0,0,0,0,0.66,0,0,0,0
TCGA-QH-A65S,1,77,G2,0,1,0,-1,0,0,0,0,0,0,0,0,0,-1,-1,-1,0,0,0,0,0,0,0,0,0,0,-1,-1,0,0,-2,-2,0,0,0,0,0,0,0,0,0,0,0,-0.225,0,0,0,0,0,0,1.061,0.811,0,0,0,0,0,0,0,0,0,0,-0.039,0.683,0,0,0.564,0,-0.233,0,0,0,0,0,0,0,0,0,0,0
TCGA-QH-A65X,1,482,G3,1,1,0,0,0,0,0,0,0,0,0,0,0,0,0,0,0,0,0,0,0,0,0,0,0,0,0,0,-1,-1,0,0,0,0,0,0,0,0,0,0,0,1,0,0,0,0,0,0,0,0,0,0,0,0,0,0,0,0,0,0,0,0,0.695,0.695,0,0,0,0,0,0,0,0,0,0,0,0.105,0,0,0,0
TCGA-QH-A6CV,1,442,G3,0,0,2,1,-1,1,1,1,1,1,1,1,1,0,0,0,-1,-1,-1,-1,-1,-1,-1,-1,-1,-1,1,1,-1,1,-1,-1,0,0,0,0,0,0,0,1,-1,1,-1,-0.036,0,0,0,0,0,0,1.396,1.396,0,0,1.278,1.278,-0.112,-0.112,-0.334,-0.334,-0.713,-0.713,0,0,0.359,0.359,-0.118,-0.333,0,0,0,0.38,0.38,0,0,0.831,1.29,1.29,0.299,0
TCGA-QH-A6CW,1,414,G3,0,1,0,0,2,0,0,0,0,0,0,0,0,0,0,0,0,0,0,-1,-1,-1,-1,-1,-1,-1,0,0,0,0,-1,-1,0,0,0,0,0,0,0,0,0,0,0,0,-0.134,-0.134,0,0,0,0,0,0,0,0,0,0,0,0,0,0,0,0,0,0,0,0,-0.143,-0.111,0,0,0,0,0,0,0,0,0,0,0,0
TCGA-QH-A6CX,0,372,G2,0,0,2,2,0,1,1,1,1,1,1,0,0,0,0,0,-2,-2,-1,0,0,0,0,0,0,0,0,0,0,0,0,0,-1,-1,-1,-1,-1,-1,-1,-1,0,0,-1,0,0,0,0,0,0,0,0,0,-0.378,-0.378,0,0.352,0,0,0,0,0,-0.376,0,0,0,0,0,0,0,0,0,0,0,0,0,0,0,0,0,0
TCGA-QH-A6CY,1,408,G3,1,1,0,0,0,0,0,0,0,0,0,0,0,0,0,0,0,0,0,0,0,0,0,0,0,0,0,0,-1,-1,-1,-1,0,0,0,0,0,0,0,0,0,0,0,0,0,0,0,0,0,0,0,0,0,0,0,0,0,0,0,0,0,0,0,0,0,0,-0.675,0,0,0,0,0,0,0,0,0,0,0,0,0
TCGA-QH-A6CZ,1,279,G2,1,1,0,0,0,0,0,0,0,0,0,0,0,0,0,0,-1,-1,0,-1,-1,-1,-1,-1,-1,-1,0,0,-1,-1,0,0,0,0,0,0,0,0,0,0,-1,1,0,-0.899,0,0,0,0,0,0,0,0,0,0,0,0,0,0,-0.25,-0.25,0,0,0.187,0.187,0,0,0,-0.778,0,0,0,0,0,0,0,0.116,0,0,0,0.863
TCGA-QH-A6X3,1,313,G2,0,1,0,0,0,2,2,2,2,2,2,0,0,0,0,0,0,0,-2,0,0,0,0,0,0,0,0,0,0,0,0,0,0,0,0,0,0,0,0,0,0,0,0,0,0,0,0,0,0,0,0,0,0,0,0,0,0,0,0,0,0,0,0,0,0,0,0,0,0,0,0,0,0,0,0,0,0,0,0,0
TCGA-QH-A6X5,1,497,G2,1,1,0,0,0,0,0,0,0,0,0,0,0,0,0,0,0,0,0,0,0,0,0,0,0,0,0,0,-1,-1,0,0,0,0,0,0,0,0,0,0,0,0,0,0,0,0,0,0,0,0,0,0,0,0,0,0,0,0,0,0,0,0,0,0,0,0,0,0,0,0,0,0,0,0,0,0,0,0,0,0
TCGA-QH-A6X9,1,58,G2,0,1,1,0,0,2,2,2,2,2,2,0,0,0,0,0,-2,-2,-2,0,0,0,0,0,0,0,0,0,0,0,0,0,0,0,0,0,0,0,0,1,-2,0,0,0,0,0,0,0,0,0,0,0,0,0,0.125,0.125,0,0,0,0,0,0,0,0,0,0,0.709,0,0,0,0,0,0,0.36,0,0,0,0,0.124,0
TCGA-QH-A6XA,1,502,G2,0,1,1,0,2,1,1,1,1,1,1,0,0,0,0,0,0,0,0,0,0,0,0,0,0,0,0,0,0,0,0,0,0,0,0,0,0,0,0,0,0,0,0,0,0,0,0,0,0,-0.173,0,0,0,0,0,0.113,0,0,0,0,0.188,0,0,0,0,0,0,0,0,0,0,0,0,0,0,0,0,0,0,0
TCGA-QH-A6XC,1,508,G3,0,0,2,0,0,1,1,1,1,1,1,0,0,0,0,0,-2,-2,-1,0,0,0,0,0,0,0,0,0,-1,0,0,0,0,0,0,0,0,0,0,1,0,1,-1,0,0,0,0,0,0,0,0,0,0,0,1.42,1.42,0,0,0,0,-0.754,-0.754,0,0,0,0,0,0,0,0,0,0,0,0,0,0.615,0.593,0.593,0,0
TCGA-QH-A870,1,395,G3,0,1,0,0,0,2,2,2,2,2,2,0,0,0,0,0,0,0,0,-1,-1,-1,-1,0,-1,-1,0,0,0,0,0,0,0,-1,-1,-1,-1,-1,-1,0,0,0,0,0,0,0,0,0,0,0,0,0,0,-0.75,0,0,0,0,0,0,0,0,0,0,0,0,0,0,0,0,0,0,0,0,0,0,0,0,0,0
TCGA-S9-A6TS,0,1891,G3,0,1,-1,0,0,-1,-1,-1,-1,-1,-1,0,0,-1,-1,-1,-1,-1,-1,-1,-1,-1,-1,-1,-1,-1,-1,-1,-1,0,0,0,0,0,0,0,0,0,0,-1,-1,0,-1,0,0,0,0,0,0,0,0.277,0.277,0,0,-0.162,-0.162,0,0,-0.728,0,-0.135,-0.135,0,0,0,0,0,-0.269,-0.328,0,0,0.139,0.139,-0.136,-0.136,0,0,0,0,-0.242
TCGA-S9-A6TU,1,2650,G2,0,1,0,0,0,0,0,0,0,0,0,0,0,0,0,0,0,0,0,0,0,0,0,0,0,0,0,0,0,0,0,0,0,0,0,0,0,0,0,0,0,0,0,0,0,0,0,0,0.217,0,0,0,0,0,0,0,0,0,0,0,0,0,0,0,0,0,0,0,0,0,0,0,0,0,0,0,0,0,0,0
TCGA-S9-A6TX,1,1245,G3,1,1,0,0,0,0,0,0,0,0,0,0,0,0,0,0,0,0,0,0,0,0,0,0,0,0,0,0,-1,-1,0,0,0,0,0,0,0,0,0,0,0,2,0,0,0,0,0,0,0,0,0,0,0,0,0,0,0,0,0,0,0,0,0,0,0,0,0,0,0,0,0,0,0,-0.529,-0.529,-0.639,0,0,0,0
TCGA-S9-A6TY,1,1076,G2,1,1,1,0,1,1,1,1,1,1,1,0,0,0,0,0,0,0,0,0,0,0,0,0,0,0,0,0,-1,-1,0,0,0,0,0,0,0,0,0,1,0,1,0,0,0,0,0,0,0,0,0,0,0,0,0.776,0.776,0.744,0.744,0,0,0,0,0.76,0.76,0,0,0,0,0,0,0,0,0,0,0,0.141,0,0,0,0
TCGA-S9-A6U0,0,742,G3,0,0,2,0,0,1,1,1,1,1,1,0,0,0,0,0,-2,-2,-1,0,0,0,0,0,0,0,0,0,0,0,0,0,0,0,0,0,0,0,0,1,0,0,-1,0,0,0,0,0,0,0,0,0,0,0,0.485,0.485,0,0,0,0,-0.489,-0.489,0,0,0,0,0,0,0,0,0,0,0,0,0,0,0,0,0,0
TCGA-S9-A6U9,1,2918,G3,0,1,0,0,0,0,0,0,0,0,0,0,0,0,0,0,0,0,0,0,0,0,0,0,0,0,0,0,0,0,0,0,0,0,0,0,0,0,0,0,0,0,0,0,0,0,0,0,0,0,0,0,0,0,0,0,0,0,0,-0.26,0,0,0,0,0,0,0,0,0,0,-0.272,0,0,0,0,0,0,0,0,0
TCGA-S9-A6UA,0,178,G3,0,0,0,0,0,0,0,0,0,0,0,0,0,1,1,1,-2,-2,0,0,0,0,0,0,0,0,0,0,0,0,-1,-1,0,0,0,0,0,0,0,0,1,0,-1,0,0,0,0,0,0,0,0,0,0,0,0,0,0,0,0,0,-0.127,-0.127,0,0,0,0.564,-0.471,0,0.176,0,0,0,0.363,-0.507,0,0,0,0,0,-0.123
TCGA-S9-A6UB,1,3761,G2,1,1,0,0,0,0,0,0,0,0,0,0,0,0,0,0,0,0,-1,0,0,0,0,0,0,0,0,0,-1,-1,0,0,0,0,0,0,0,0,0,0,0,2,0,0,0,0,0,0,-0.781,0,0,0,0,0,0,0,0,0,0,0,0,0,0,0,0,0,0,0,0,0,0,0,0,0,0,0,0,0,0,0
TCGA-S9-A6WD,1,2289,G3,1,1,0,0,0,0,0,0,0,0,0,0,0,-1,-1,-1,0,0,0,-1,-1,-1,-1,-1,-1,-1,0,0,-1,-1,0,0,0,0,0,0,0,0,0,0,0,0,0,0,0,0,0,0,-0.114,-0.114,0,0,0,0,0,0,0,0,0,0,0,0,0,0.559,0,0,0,0,-0.373,0,0,0,0,-0.527,-0.527,0,0,0,0,0
TCGA-S9-A6WE,1,4113,G2,1,1,0,0,0,0,0,0,0,0,0,0,0,0,0,0,0,0,0,0,0,0,0,0,0,0,0,0,-1,-1,0,0,0,0,0,0,0,0,0,0,0,1,0,0,0,0,0,0,0,0,0,0,0,0,0,0,0,0,0,0,0,0,0,0,0,0,0,0,0,0,0,0,0,0,0,0.1,0,0,0,0
TCGA-S9-A6WG,1,2602,G3,0,1,0,0,2,0,0,0,0,0,0,0,0,0,0,0,0,0,0,0,0,0,0,0,0,0,0,0,0,0,0,0,0,0,0,0,0,0,0,0,0,0,0,0,0,0,0,0,0,0,0,0,0,0,0,0,0,0,0,0,0,0,0,0,0,0,0,0,0,0,0,0,0,0,0,0,0,0,0,0
TCGA-S9-A6WI,1,2585,G2,0,1,0,-1,0,0,0,0,0,0,0,-1,-1,-1,-1,-1,0,0,0,0,0,0,0,0,0,0,0,0,-1,-1,0,0,0,0,0,0,0,0,0,0,0,-1,0,-0.116,0,0,0,0,0,0,0,0,0,0,0,0,0,0,0,0,0,0,0,0,0,0,0,0,-0.148,0,0,0,0,0,0,-0.113,0,0,0,0
TCGA-S9-A6WL,1,946,G3,1,1,0,0,0,0,0,0,0,0,0,0,0,0,0,0,0,0,0,0,0,0,0,0,0,0,0,0,-1,-1,0,0,0,0,0,0,0,0,0,0,0,0,0,0,0,0,0,0,-0.549,-0.549,0,0,0,0,0,0,0,0,0,0,0,0,0,0,0,0,0,0,0,0,0,0.136,0.136,-0.537,-0.537,0,0,0,0.319,0
TCGA-S9-A6WM,1,604,G3,0,0,2,1,-1,1,1,1,1,1,1,1,1,0,0,0,-2,-2,-1,-1,-1,-1,-1,-1,-1,-1,-1,-1,-1,1,0,0,0,0,0,0,0,0,0,1,1,1,-1,0.181,0.189,0.189,0.333,0.333,0,0,-0.254,-0.254,0,0,1.42,1.42,-0.42,-0.42,0.101,0.101,-0.956,-0.956,-0.603,-0.603,0,0,0,-0.581,0,0,0,-0.102,-0.102,-0.404,-0.404,0.341,0.142,0.142,0,0.127
TCGA-S9-A6WN,1,805,G3,1,1,0,0,0,0,0,0,0,0,0,0,0,0,0,0,0,0,0,0,0,0,0,0,0,0,0,0,-1,-1,0,0,0,0,0,0,0,0,0,0,0,0,0,0,0,0,0,0,0,0,0,0,0,0,0,0,0,0,0,0,0,0,0,0,0,0,0,0,0,0,0,0,0,-0.43,-0.43,0,0,0,0,0
TCGA-S9-A6WO,1,566,G2,0,1,0,0,1,1,1,1,1,1,1,0,0,0,0,0,0,0,0,0,0,0,0,0,0,0,-2,0,0,0,0,0,0,0,0,0,0,0,0,0,0,0,0,0,0,0,0.123,0,0,0,0,0,0,0,0,0.529,0.791,0.791,0,0,0,0,0,0,0,0,0,0,0,0,0,0,0,0,0,0,0,0,0,0
TCGA-S9-A6WQ,1,428,G2,0,1,0,0,0,0,0,0,0,0,0,0,0,0,0,0,0,0,-1,0,0,0,0,0,0,0,0,0,-1,-1,0,0,0,0,0,0,0,0,0,0,0,0,0,0,0,0,0,0,0,0,0,0,0,0,0,0,0,0,0,0,0,0,0,0,0,-0.579,0,0,0,0,0,0,0,0,0,0,0,0,0,0
TCGA-S9-A7IQ,1,1099,G2,1,1,1,0,0,1,1,1,1,1,1,0,0,0,0,0,0,0,0,0,0,0,0,0,0,0,0,0,-1,-1,0,0,0,0,0,0,0,0,0,1,0,0,0,0,0,0,0,0,0,0,0,0,0,0,0.438,0.438,0,0,0,0,0,0,0,0,0,0,0,0,0,0,0,0,0,0,0,0,0,0,0,0
TCGA-S9-A7IY,1,715,G3,1,1,0,0,0,0,0,0,0,0,0,0,0,0,0,0,0,0,0,0,0,0,0,0,0,0,0,0,-1,-1,-1,-1,0,0,0,0,0,0,0,0,0,0,0,0,0,0,0,0,-0.17,-0.17,0,0,0,0,0,0,0,0,0,0,0,0,0,0,0,0,-0.102,0,0,0,0,0,0,0,0,0,0,0,0,0
TCGA-S9-A7IZ,1,608,G3,0,1,1,0,0,1,1,1,1,1,1,0,0,1,1,1,-2,-2,0,0,-2,-2,-2,-2,-2,-2,0,0,0,0,-1,-1,0,0,0,0,0,0,0,1,-2,1,0,0,0,0,0,0,-0.155,-0.155,0,0,0,0,0.771,0.771,0,0,-0.509,0,0,0,0.384,0.384,0.102,0,0,0,0.438,0,0,0,0,0,0,0,0,0,0,0
TCGA-S9-A7J2,1,62,G3,1,1,0,0,0,0,0,0,0,0,0,0,0,0,0,0,0,0,0,0,0,0,0,0,0,0,0,0,-1,-1,0,0,0,0,0,0,0,0,0,0,0,1,0,0,0,0,0,0,0,0,0,0,0,0,0,0,0,0,0,0,0,0,0,0,0,0,0,0,0,0,0,0,0,0,0,0.119,0,0,0,0
TCGA-S9-A7J3,1,629,G3,1,1,0,0,0,0,0,0,0,0,0,0,0,0,0,0,0,0,0,0,0,0,0,0,0,0,0,0,-1,-1,-1,-1,0,0,0,0,0,0,0,0,0,0,0,0,0,0,0,0,0,0,0,0,0,0,0,0,0,0,0,0,0,0,0,0,0,0,-0.384,0,0,0,0,0,0,0,0,0,0,0,0,0
TCGA-S9-A7QW,1,458,G3,0,1,0,0,1,1,1,2,1,1,1,0,0,0,0,0,0,0,2,0,0,0,0,0,0,0,0,0,0,0,0,0,0,0,0,0,0,0,0,0,0,0,0,0,0,0,0,0,0,0,0,0,0,0,0.859,0.859,0,0.775,0,0.793,0,0,0,0,0,0,0,0,0,0.825,0.825,0,0,0,0,0,0,0,0,0
TCGA-S9-A7QX,1,564,G3,0,1,0,0,1,1,0,0,1,1,1,0,0,0,0,0,0,0,-1,-2,-2,-2,-2,-2,-2,-2,0,0,0,0,0,0,0,0,0,0,0,0,0,0,0,0,-1,0,0,0,0,0,0,0,0,0,0,0,0,0,0.913,0.913,0,0,0,0,0,0,0,-0.408,0,0,0,0,0,0,0,0,0,0,0,0,0,0
TCGA-S9-A7R1,0,5166,G2,1,1,0,1,0,2,2,2,2,2,2,1,1,0,0,0,-1,-1,0,0,0,0,0,0,0,0,0,0,-1,-1,0,0,0,0,0,0,0,0,0,0,-1,1,0,-0.085,0,0,0,0,0,0,0,0,0,0,0,0,0,0,-0.5,-0.5,0,0,0,0,0,0,0,0,0,0,0,0,0,0,0,0.733,0,0,0,0
TCGA-S9-A7R3,1,3013,G2,0,1,0,0,0,0,0,0,0,0,0,0,0,0,0,0,-1,-1,-2,-1,-1,-1,-1,-1,-1,-1,0,0,0,0,0,0,0,-2,-2,-2,-2,-2,-2,-2,-1,0,0,0,0,0,0,0,0,0,0,0,0,0,0,0,0,0,-0.66,0,0,0,0,0,0,0,0,-0.66,0,0,0,0,0,0,0,0,0,0,0,0
TCGA-S9-A7R4,1,914,G3,0,1,0,0,0,0,0,0,0,0,0,0,0,0,0,0,0,0,0,0,0,0,0,0,0,0,0,0,0,0,0,0,0,0,0,0,0,0,0,0,0,0,0,0,0,0,0,0,0,0,0,0,0,0,0,0,0,0,0,0,0,0,0,0,-0.131,-0.131,0,0,0,0,0,0,0,0,0,0,0,0,0,0
TCGA-S9-A7R7,1,3000,G2,0,1,0,0,0,0,0,0,0,0,0,0,0,0,0,0,0,0,0,0,0,0,0,0,0,0,-1,-1,0,0,0,0,0,0,0,0,0,0,0,0,0,0,0,0,0,0,0,0,0,0,-0.616,0,0,0,0,0,0,0,0,0,0,0,-0.611,0,0,-0.511,0,0,0,0,0,0,0,0,0,0,0,0,0,0
TCGA-S9-A7R8,0,961,G3,0,1,0,0,0,0,0,0,0,0,0,0,0,0,0,0,-1,-1,0,-1,-1,-1,-1,-1,-1,-1,0,0,0,0,0,0,0,-1,-1,-1,-1,-1,-1,0,-1,0,0,0,0,0,0,0,0,0,0,0,0,-0.875,0,0,0,0,-0.496,0,0,0,0,0,0,0,0,-0.866,0,0,0,0,0,0,0,0,0,0,0,0
TCGA-TM-A7C3,0,1666,G3,0,0,2,2,0,1,1,1,1,1,1,0,0,0,0,0,0,0,-1,-1,-1,-1,-1,-1,-1,-1,1,1,0,0,-1,-1,0,0,0,0,0,0,0,1,0,1,-1,0,0,0,0,0,0,0,0.404,0.404,0,0,0.904,0.904,0,0,0,0,-0.913,-0.913,-0.437,-0.437,0,0,-0.154,-0.125,0,0,0,0,0,0,0,0.737,0.41,0.41,0,0
TCGA-TM-A7C4,1,1470,G2,0,1,0,0,0,1,1,1,1,1,1,0,0,0,0,0,1,1,0,0,0,0,0,0,0,0,0,0,0,0,0,0,0,0,0,0,0,0,0,0,1,0,0,0,0,0,0,0,0,-0.633,0,0,0,0,0,0.62,0,0,0.616,0,0,0,-0.654,0,0,0,0,0,0,0,0,0,0,0,0,0,0,0,0,0
TCGA-TM-A7C5,1,1500,G2,1,1,0,0,0,0,0,0,0,0,0,0,0,-1,-1,-1,0,0,0,0,0,0,0,0,0,0,0,0,-1,-1,0,0,0,0,0,0,0,0,0,0,0,0,0,0,0,0,0,0,-0.803,-0.803,0,0,0,0,0,0,0,0,0,0,0,0,0,0,0,0,0,0,-0.529,0,0,0,0,0,0,0,0,0,0,0
TCGA-TM-A7CA,1,1058,G2,0,1,1,0,0,1,1,1,1,1,1,0,0,0,0,0,0,0,0,0,0,0,0,0,0,0,0,0,0,0,0,0,0,0,0,0,0,0,0,1,0,0,0,0,0,0,0,0,0,0,0,0,0,0,0.105,0.564,0,0,0,0,0.61,0,0,0,0,0,0,0,0,0,0,0,0,0,0,0,0,0,0,0
TCGA-TM-A84B,0,758,G3,0,0,1,1,0,1,1,1,1,1,1,1,1,1,1,1,0,0,-1,0,0,0,0,0,0,0,0,0,0,0,0,0,0,0,0,0,0,0,0,1,0,1,-1,0.514,0,0,-0.952,-0.952,0,0,0,0,0,0,0.912,0.912,0,0,0,0,-0.955,-0.955,0,0,0,0,0,0,0,0,0,0,0,0,0,0.919,0,0,0,0
TCGA-TM-A84C,0,492,G2,0,0,0,0,0,0,0,0,0,0,0,0,0,0,0,0,0,0,0,0,0,0,0,0,0,0,0,0,0,0,0,0,0,0,0,0,0,0,0,0,0,0,0,0,0,0,0,0,0,0,0,0,0,0,0,0,0,0,0,0,0,0,0,0,0,0,0,0,0,0,0,0,0,0,0,0,0,0,0,0
TCGA-TM-A84G,1,1236,G3,1,1,0,0,0,0,0,0,0,0,0,0,0,0,0,0,0,0,0,0,0,0,0,0,0,0,0,0,-1,-1,0,0,0,0,0,0,0,0,0,0,0,1,0,0,0,0,0,0,0,0,0,0,0,0,0,0,0,0,0,0,0,0,0,0,0,0,0,0,0,0,0,0,0,-0.276,-0.276,0.141,0,0,0,-0.153
TCGA-TM-A84J,1,735,G3,0,0,0,0,0,0,0,0,0,0,0,2,2,0,0,0,-1,-1,-1,0,0,0,0,0,0,0,0,0,0,0,0,0,0,0,0,0,0,0,0,0,-1,0,-1,0,0,0,-0.17,-0.17,0,0,0,0,0,0,0,0,0,0,-0.397,-0.397,-0.479,-0.479,-0.144,0.405,0,0,0,0,0,0,0,0,0,0,0,-0.142,0,0,0,0.505
TCGA-TM-A84L,0,1242,G2,0,1,0,0,0,0,0,2,0,0,0,0,0,0,0,0,0,0,0,0,0,0,0,0,0,0,0,0,0,0,-2,-2,0,0,0,0,0,0,0,0,0,0,0,0,0,0,0,0,0,0,0,0,0,0,0,0,0,0,0,0,0,0,0,0,0,0,0,0,0,0,0,0,0,0,0,0,0,0,0,0
TCGA-TM-A84O,0,1011,G3,1,1,0,0,0,0,0,0,0,0,0,0,0,0,0,0,0,0,0,0,0,0,0,0,0,0,0,0,-1,-1,0,0,0,0,0,0,0,0,0,0,0,0,0,0,0,0,0,0,0,0,0,0,0,0,0,0,0,0,0,0,0,0,0,0,0,0,0,0,0,0,0,0,0,0,0,0,0,0,0,0
TCGA-TM-A84R,1,566,G2,1,1,0,0,0,0,0,0,0,0,0,0,0,0,0,0,0,0,0,0,0,0,0,0,0,0,0,0,-1,-1,-1,-1,0,0,0,0,0,0,0,0,0,0,0,0,0,0,0,0,0,-0.119,0,0,0,0,0,0,0,0,0,0,0,0,0,0,0,0,-0.349,0,0,0,0,0,0,0,0,0,0,0,0,0
TCGA-TM-A84S,1,454,G3,1,1,0,0,0,0,0,0,0,0,0,0,0,0,0,0,0,0,0,0,0,0,0,0,0,0,0,0,-1,-1,-1,-1,0,0,0,0,0,0,0,0,0,0,0,0,0,0,0,0,0,0,0,0,0,0,0,0,0,0,0,0,0,0,0,0,0,0,-0.769,0,0,0,0,0,0,0,0,0,0,0,0,0
TCGA-TM-A84T,1,724,G2,0,1,0,-1,2,0,0,0,0,0,0,0,0,0,0,0,0,0,0,0,0,0,0,0,0,0,0,0,0,0,0,0,0,0,0,0,0,0,0,0,0,0,0,0,0,0,0,0,-0.141,-0.141,0,0,0,0,0,0,0,0,0,-0.137,0,0,0,0,0,0,0,0,0,0,0,0,0,0,0,0,0,0,0,0
TCGA-VV-A86M,1,487,G3,0,1,0,0,0,0,0,0,0,0,0,0,0,-1,-1,-1,-2,-2,0,-2,-2,-2,-2,-2,-2,-2,0,0,0,0,0,0,0,-2,-2,-2,0,-2,0,0,-2,0,0,0,0,0,0,0,0,0,0,0,0,0,0,0,0,0,0,0,0,0,0,0,0,0,0,0,-0.318,0,0,0,0,0,0,0,0,0,0,0
TCGA-WY-A858,1,1337,G3,0,1,0,0,1,0,0,0,0,0,0,0,0,0,0,0,-1,-1,0,-1,-1,-1,-1,-1,-1,-1,0,0,0,0,0,0,0,0,0,0,0,0,0,0,-1,-1,0,0,0,0,0,0,0,0,0,0,0,0,0,0,0,0,0,0,0.545,0,0,0,0.101,0,0,-0.683,0,0,0,0,0,0,0,-0.138,0,0,0,0
